-- phpMyAdmin SQL Dump
-- version 5.2.1
-- https://www.phpmyadmin.net/
--
-- 主機： 127.0.0.1:3307
-- 產生時間： 2025-07-02 15:38:21
-- 伺服器版本： 10.4.32-MariaDB
-- PHP 版本： 8.2.12

SET SQL_MODE = "NO_AUTO_VALUE_ON_ZERO";
START TRANSACTION;
SET time_zone = "+00:00";


/*!40101 SET @OLD_CHARACTER_SET_CLIENT=@@CHARACTER_SET_CLIENT */;
/*!40101 SET @OLD_CHARACTER_SET_RESULTS=@@CHARACTER_SET_RESULTS */;
/*!40101 SET @OLD_COLLATION_CONNECTION=@@COLLATION_CONNECTION */;
/*!40101 SET NAMES utf8mb4 */;

--
-- 資料庫： `plane`
--

-- --------------------------------------------------------

--
-- 資料表結構 `addons`
--

CREATE TABLE `addons` (
  `id` int(11) NOT NULL,
  `name` varchar(30) DEFAULT NULL,
  `type` enum('meal','baggage') DEFAULT NULL,
  `price` int(11) DEFAULT NULL
) ENGINE=InnoDB DEFAULT CHARSET=utf8mb4 COLLATE=utf8mb4_general_ci;

--
-- 傾印資料表的資料 `addons`
--

INSERT INTO `addons` (`id`, `name`, `type`, `price`) VALUES
(1, 'meat-based', 'meal', 200),
(2, 'vegetarian', 'meal', 200),
(3, 'Extra Baggage 10kg', 'baggage', 500),
(4, 'Extra Baggage 15kg', 'baggage', 1000),
(5, 'Extra Baggage 20kg', 'baggage', 1500);

-- --------------------------------------------------------

--
-- 資料表結構 `admin`
--

CREATE TABLE `admin` (
  `id` int(11) NOT NULL,
  `acc` varchar(20) DEFAULT NULL,
  `pwd` varchar(50) DEFAULT NULL
) ENGINE=InnoDB DEFAULT CHARSET=utf8mb4 COLLATE=utf8mb4_general_ci;

--
-- 傾印資料表的資料 `admin`
--

INSERT INTO `admin` (`id`, `acc`, `pwd`) VALUES
(1, 'admin', 'test1234');

-- --------------------------------------------------------

--
-- 資料表結構 `booking`
--

CREATE TABLE `booking` (
  `id` int(11) NOT NULL,
  `user_id` int(11) DEFAULT NULL,
  `class_depart_id` int(11) DEFAULT NULL,
  `class_return_id` int(11) DEFAULT NULL,
  `total_price` int(11) DEFAULT NULL,
  `created_at` datetime DEFAULT current_timestamp()
) ENGINE=InnoDB DEFAULT CHARSET=utf8mb4 COLLATE=utf8mb4_general_ci;

--
-- 傾印資料表的資料 `booking`
--

INSERT INTO `booking` (`id`, `user_id`, `class_depart_id`, `class_return_id`, `total_price`, `created_at`) VALUES
(1, 10, 6, 8, 8319, '2025-04-16 21:41:38'),
(2, 2, 6, 5, 11923, '2025-05-28 13:36:05'),
(3, 1, 4, 10, 9290, '2025-03-24 20:55:34'),
(4, 2, 8, 2, 16727, '2025-04-09 03:00:12'),
(5, 3, 3, 8, 17007, '2025-06-15 04:18:07'),
(6, 3, 5, 9, 17938, '2025-06-16 05:05:46'),
(7, 7, 4, 9, 11295, '2025-06-22 10:35:26'),
(8, 5, 7, 6, 15177, '2025-04-09 09:15:17'),
(9, 9, 8, 2, 12061, '2025-06-11 20:36:03'),
(10, 4, 2, 6, 8344, '2025-06-03 16:25:02'),
(11, 1, 1001, NULL, 5800, '2025-07-01 10:15:00'),
(12, 2, 1002, NULL, 6200, '2025-07-02 11:30:00'),
(13, 3, 1003, NULL, 5500, '2025-07-03 09:00:00'),
(14, 4, 1001, NULL, 5800, '2025-07-03 13:45:00'),
(15, 5, 1004, NULL, 7500, '2025-07-04 08:20:00'),
(16, 6, 1005, NULL, 7900, '2025-07-05 16:10:00'),
(17, 7, 1002, NULL, 6200, '2025-07-06 14:50:00'),
(18, 8, 1003, NULL, 5500, '2025-07-06 18:00:00'),
(19, 9, 1006, NULL, 8800, '2025-07-07 10:05:00'),
(20, 10, 1004, NULL, 7500, '2025-07-07 11:20:00');

-- --------------------------------------------------------

--
-- 資料表結構 `booking_addons`
--

CREATE TABLE `booking_addons` (
  `id` int(11) NOT NULL,
  `booking_id` int(11) DEFAULT NULL,
  `segment` enum('depart','return') DEFAULT NULL,
  `addon_id` int(11) DEFAULT NULL,
  `quantity` int(11) DEFAULT NULL,
  `unit_price` decimal(10,2) DEFAULT NULL,
  `total_price` decimal(10,0) DEFAULT NULL
) ENGINE=InnoDB DEFAULT CHARSET=utf8mb4 COLLATE=utf8mb4_general_ci;

--
-- 傾印資料表的資料 `booking_addons`
--

INSERT INTO `booking_addons` (`id`, `booking_id`, `segment`, `addon_id`, `quantity`, `unit_price`, `total_price`) VALUES
(1, 10, 'return', 2, 1, 212.00, 212),
(2, 1, 'depart', 1, 1, 130.00, 130),
(3, 3, 'return', 1, 1, 116.00, 116),
(4, 6, 'depart', 1, 1, 363.00, 363),
(5, 4, 'return', 3, 1, 348.00, 348),
(6, 4, 'depart', 2, 1, 392.00, 392),
(7, 10, 'return', 1, 1, 224.00, 224),
(8, 8, 'depart', 3, 1, 197.00, 197),
(9, 2, 'return', 1, 1, 320.00, 320),
(10, 6, 'depart', 3, 1, 310.00, 310),
(11, 4, 'return', 3, 1, 310.00, 310);

-- --------------------------------------------------------

--
-- 資料表結構 `flights`
--

CREATE TABLE `flights` (
  `id` int(11) NOT NULL,
  `flight_no` varchar(15) DEFAULT NULL,
  `from_airport` varchar(10) DEFAULT NULL,
  `from_airport_name` varchar(20) DEFAULT NULL,
  `to_airport` varchar(10) DEFAULT NULL,
  `to_airport_name` varchar(20) DEFAULT NULL,
  `routes` varchar(15) DEFAULT NULL,
  `departure_time` datetime DEFAULT NULL,
  `arrival_time` datetime DEFAULT NULL,
  `duration` int(11) DEFAULT NULL,
  `direction` enum('outbound','inbound') DEFAULT NULL
) ENGINE=InnoDB DEFAULT CHARSET=utf8mb4 COLLATE=utf8mb4_general_ci;

--
-- 傾印資料表的資料 `flights`
--

INSERT INTO `flights` (`id`, `flight_no`, `from_airport`, `from_airport_name`, `to_airport`, `to_airport_name`, `routes`, `departure_time`, `arrival_time`, `duration`, `direction`) VALUES
(1, 'AIR2000', 'TPE', '台北', 'HND', '東京', 'TPE-HND', '2025-07-15 08:00:00', '2025-07-15 12:30:00', 210, 'outbound'),
(2, 'AIR2001', 'HND', '東京', 'TPE', '台北', 'HND-TPE', '2025-07-15 17:00:00', '2025-07-15 19:30:00', 210, 'inbound'),
(3, 'AIR2002', 'TPE', '台北', 'KIX', '大阪', 'TPE-KIX', '2025-07-15 08:00:00', '2025-07-15 12:00:00', 180, 'outbound'),
(4, 'AIR2003', 'KIX', '大阪', 'TPE', '台北', 'KIX-TPE', '2025-07-15 17:00:00', '2025-07-15 19:00:00', 180, 'inbound'),
(5, 'AIR2004', 'TPE', '台北', 'CTS', '北海道', 'TPE-CTS', '2025-07-15 08:00:00', '2025-07-15 13:00:00', 240, 'outbound'),
(6, 'AIR2005', 'CTS', '北海道', 'TPE', '台北', 'CTS-TPE', '2025-07-15 17:00:00', '2025-07-15 20:00:00', 240, 'inbound'),
(7, 'AIR2006', 'TPE', '台北', 'HND', '東京', 'TPE-HND', '2025-07-16 08:00:00', '2025-07-16 12:30:00', 210, 'outbound'),
(8, 'AIR2007', 'HND', '東京', 'TPE', '台北', 'HND-TPE', '2025-07-16 17:00:00', '2025-07-16 19:30:00', 210, 'inbound'),
(9, 'AIR2008', 'TPE', '台北', 'KIX', '大阪', 'TPE-KIX', '2025-07-16 08:00:00', '2025-07-16 12:00:00', 180, 'outbound'),
(10, 'AIR2009', 'KIX', '大阪', 'TPE', '台北', 'KIX-TPE', '2025-07-16 17:00:00', '2025-07-16 19:00:00', 180, 'inbound'),
(11, 'AIR2010', 'TPE', '台北', 'CTS', '北海道', 'TPE-CTS', '2025-07-16 08:00:00', '2025-07-16 13:00:00', 240, 'outbound'),
(12, 'AIR2011', 'CTS', '北海道', 'TPE', '台北', 'CTS-TPE', '2025-07-16 17:00:00', '2025-07-16 20:00:00', 240, 'inbound'),
(13, 'AIR2012', 'TPE', '台北', 'HND', '東京', 'TPE-HND', '2025-07-17 08:00:00', '2025-07-17 12:30:00', 210, 'outbound'),
(14, 'AIR2013', 'HND', '東京', 'TPE', '台北', 'HND-TPE', '2025-07-17 17:00:00', '2025-07-17 19:30:00', 210, 'inbound'),
(15, 'AIR2014', 'TPE', '台北', 'KIX', '大阪', 'TPE-KIX', '2025-07-17 08:00:00', '2025-07-17 12:00:00', 180, 'outbound'),
(16, 'AIR2015', 'KIX', '大阪', 'TPE', '台北', 'KIX-TPE', '2025-07-17 17:00:00', '2025-07-17 19:00:00', 180, 'inbound'),
(17, 'AIR2016', 'TPE', '台北', 'CTS', '北海道', 'TPE-CTS', '2025-07-17 08:00:00', '2025-07-17 13:00:00', 240, 'outbound'),
(18, 'AIR2017', 'CTS', '北海道', 'TPE', '台北', 'CTS-TPE', '2025-07-17 17:00:00', '2025-07-17 20:00:00', 240, 'inbound'),
(19, 'AIR2018', 'TPE', '台北', 'HND', '東京', 'TPE-HND', '2025-07-18 08:00:00', '2025-07-18 12:30:00', 210, 'outbound'),
(20, 'AIR2019', 'HND', '東京', 'TPE', '台北', 'HND-TPE', '2025-07-18 17:00:00', '2025-07-18 19:30:00', 210, 'inbound'),
(21, 'AIR2020', 'TPE', '台北', 'KIX', '大阪', 'TPE-KIX', '2025-07-18 08:00:00', '2025-07-18 12:00:00', 180, 'outbound'),
(22, 'AIR2021', 'KIX', '大阪', 'TPE', '台北', 'KIX-TPE', '2025-07-18 17:00:00', '2025-07-18 19:00:00', 180, 'inbound'),
(23, 'AIR2022', 'TPE', '台北', 'CTS', '北海道', 'TPE-CTS', '2025-07-18 08:00:00', '2025-07-18 13:00:00', 240, 'outbound'),
(24, 'AIR2023', 'CTS', '北海道', 'TPE', '台北', 'CTS-TPE', '2025-07-18 17:00:00', '2025-07-18 20:00:00', 240, 'inbound'),
(25, 'AIR2024', 'TPE', '台北', 'HND', '東京', 'TPE-HND', '2025-07-19 08:00:00', '2025-07-19 12:30:00', 210, 'outbound'),
(26, 'AIR2025', 'HND', '東京', 'TPE', '台北', 'HND-TPE', '2025-07-19 17:00:00', '2025-07-19 19:30:00', 210, 'inbound'),
(27, 'AIR2026', 'TPE', '台北', 'KIX', '大阪', 'TPE-KIX', '2025-07-19 08:00:00', '2025-07-19 12:00:00', 180, 'outbound'),
(28, 'AIR2027', 'KIX', '大阪', 'TPE', '台北', 'KIX-TPE', '2025-07-19 17:00:00', '2025-07-19 19:00:00', 180, 'inbound'),
(29, 'AIR2028', 'TPE', '台北', 'CTS', '北海道', 'TPE-CTS', '2025-07-19 08:00:00', '2025-07-19 13:00:00', 240, 'outbound'),
(30, 'AIR2029', 'CTS', '北海道', 'TPE', '台北', 'CTS-TPE', '2025-07-19 17:00:00', '2025-07-19 20:00:00', 240, 'inbound'),
(31, 'AIR2030', 'TPE', '台北', 'HND', '東京', 'TPE-HND', '2025-07-20 08:00:00', '2025-07-20 12:30:00', 210, 'outbound'),
(32, 'AIR2031', 'HND', '東京', 'TPE', '台北', 'HND-TPE', '2025-07-20 17:00:00', '2025-07-20 19:30:00', 210, 'inbound'),
(33, 'AIR2032', 'TPE', '台北', 'KIX', '大阪', 'TPE-KIX', '2025-07-20 08:00:00', '2025-07-20 12:00:00', 180, 'outbound'),
(34, 'AIR2033', 'KIX', '大阪', 'TPE', '台北', 'KIX-TPE', '2025-07-20 17:00:00', '2025-07-20 19:00:00', 180, 'inbound'),
(35, 'AIR2034', 'TPE', '台北', 'CTS', '北海道', 'TPE-CTS', '2025-07-20 08:00:00', '2025-07-20 13:00:00', 240, 'outbound'),
(36, 'AIR2035', 'CTS', '北海道', 'TPE', '台北', 'CTS-TPE', '2025-07-20 17:00:00', '2025-07-20 20:00:00', 240, 'inbound'),
(37, 'AIR2036', 'TPE', '台北', 'HND', '東京', 'TPE-HND', '2025-07-21 08:00:00', '2025-07-21 12:30:00', 210, 'outbound'),
(38, 'AIR2037', 'HND', '東京', 'TPE', '台北', 'HND-TPE', '2025-07-21 17:00:00', '2025-07-21 19:30:00', 210, 'inbound'),
(39, 'AIR2038', 'TPE', '台北', 'KIX', '大阪', 'TPE-KIX', '2025-07-21 08:00:00', '2025-07-21 12:00:00', 180, 'outbound'),
(40, 'AIR2039', 'KIX', '大阪', 'TPE', '台北', 'KIX-TPE', '2025-07-21 17:00:00', '2025-07-21 19:00:00', 180, 'inbound'),
(41, 'AIR2040', 'TPE', '台北', 'CTS', '北海道', 'TPE-CTS', '2025-07-21 08:00:00', '2025-07-21 13:00:00', 240, 'outbound'),
(42, 'AIR2041', 'CTS', '北海道', 'TPE', '台北', 'CTS-TPE', '2025-07-21 17:00:00', '2025-07-21 20:00:00', 240, 'inbound'),
(43, 'AIR2042', 'TPE', '台北', 'HND', '東京', 'TPE-HND', '2025-07-22 08:00:00', '2025-07-22 12:30:00', 210, 'outbound'),
(44, 'AIR2043', 'HND', '東京', 'TPE', '台北', 'HND-TPE', '2025-07-22 17:00:00', '2025-07-22 19:30:00', 210, 'inbound'),
(45, 'AIR2044', 'TPE', '台北', 'KIX', '大阪', 'TPE-KIX', '2025-07-22 08:00:00', '2025-07-22 12:00:00', 180, 'outbound'),
(46, 'AIR2045', 'KIX', '大阪', 'TPE', '台北', 'KIX-TPE', '2025-07-22 17:00:00', '2025-07-22 19:00:00', 180, 'inbound'),
(47, 'AIR2046', 'TPE', '台北', 'CTS', '北海道', 'TPE-CTS', '2025-07-22 08:00:00', '2025-07-22 13:00:00', 240, 'outbound'),
(48, 'AIR2047', 'CTS', '北海道', 'TPE', '台北', 'CTS-TPE', '2025-07-22 17:00:00', '2025-07-22 20:00:00', 240, 'inbound'),
(49, 'AIR2048', 'TPE', '台北', 'HND', '東京', 'TPE-HND', '2025-07-23 08:00:00', '2025-07-23 12:30:00', 210, 'outbound'),
(50, 'AIR2049', 'HND', '東京', 'TPE', '台北', 'HND-TPE', '2025-07-23 17:00:00', '2025-07-23 19:30:00', 210, 'inbound'),
(51, 'AIR2050', 'TPE', '台北', 'KIX', '大阪', 'TPE-KIX', '2025-07-23 08:00:00', '2025-07-23 12:00:00', 180, 'outbound'),
(52, 'AIR2051', 'KIX', '大阪', 'TPE', '台北', 'KIX-TPE', '2025-07-23 17:00:00', '2025-07-23 19:00:00', 180, 'inbound'),
(53, 'AIR2052', 'TPE', '台北', 'CTS', '北海道', 'TPE-CTS', '2025-07-23 08:00:00', '2025-07-23 13:00:00', 240, 'outbound'),
(54, 'AIR2053', 'CTS', '北海道', 'TPE', '台北', 'CTS-TPE', '2025-07-23 17:00:00', '2025-07-23 20:00:00', 240, 'inbound'),
(55, 'AIR2054', 'TPE', '台北', 'HND', '東京', 'TPE-HND', '2025-07-24 08:00:00', '2025-07-24 12:30:00', 210, 'outbound'),
(56, 'AIR2055', 'HND', '東京', 'TPE', '台北', 'HND-TPE', '2025-07-24 17:00:00', '2025-07-24 19:30:00', 210, 'inbound'),
(57, 'AIR2056', 'TPE', '台北', 'KIX', '大阪', 'TPE-KIX', '2025-07-24 08:00:00', '2025-07-24 12:00:00', 180, 'outbound'),
(58, 'AIR2057', 'KIX', '大阪', 'TPE', '台北', 'KIX-TPE', '2025-07-24 17:00:00', '2025-07-24 19:00:00', 180, 'inbound'),
(59, 'AIR2058', 'TPE', '台北', 'CTS', '北海道', 'TPE-CTS', '2025-07-24 08:00:00', '2025-07-24 13:00:00', 240, 'outbound'),
(60, 'AIR2059', 'CTS', '北海道', 'TPE', '台北', 'CTS-TPE', '2025-07-24 17:00:00', '2025-07-24 20:00:00', 240, 'inbound'),
(61, 'AIR2060', 'TPE', '台北', 'HND', '東京', 'TPE-HND', '2025-07-25 08:00:00', '2025-07-25 12:30:00', 210, 'outbound'),
(62, 'AIR2061', 'HND', '東京', 'TPE', '台北', 'HND-TPE', '2025-07-25 17:00:00', '2025-07-25 19:30:00', 210, 'inbound'),
(63, 'AIR2062', 'TPE', '台北', 'KIX', '大阪', 'TPE-KIX', '2025-07-25 08:00:00', '2025-07-25 12:00:00', 180, 'outbound'),
(64, 'AIR2063', 'KIX', '大阪', 'TPE', '台北', 'KIX-TPE', '2025-07-25 17:00:00', '2025-07-25 19:00:00', 180, 'inbound'),
(65, 'AIR2064', 'TPE', '台北', 'CTS', '北海道', 'TPE-CTS', '2025-07-25 08:00:00', '2025-07-25 13:00:00', 240, 'outbound'),
(66, 'AIR2065', 'CTS', '北海道', 'TPE', '台北', 'CTS-TPE', '2025-07-25 17:00:00', '2025-07-25 20:00:00', 240, 'inbound'),
(67, 'AIR2066', 'TPE', '台北', 'HND', '東京', 'TPE-HND', '2025-07-26 08:00:00', '2025-07-26 12:30:00', 210, 'outbound'),
(68, 'AIR2067', 'HND', '東京', 'TPE', '台北', 'HND-TPE', '2025-07-26 17:00:00', '2025-07-26 19:30:00', 210, 'inbound'),
(69, 'AIR2068', 'TPE', '台北', 'KIX', '大阪', 'TPE-KIX', '2025-07-26 08:00:00', '2025-07-26 12:00:00', 180, 'outbound'),
(70, 'AIR2069', 'KIX', '大阪', 'TPE', '台北', 'KIX-TPE', '2025-07-26 17:00:00', '2025-07-26 19:00:00', 180, 'inbound'),
(71, 'AIR2070', 'TPE', '台北', 'CTS', '北海道', 'TPE-CTS', '2025-07-26 08:00:00', '2025-07-26 13:00:00', 240, 'outbound'),
(72, 'AIR2071', 'CTS', '北海道', 'TPE', '台北', 'CTS-TPE', '2025-07-26 17:00:00', '2025-07-26 20:00:00', 240, 'inbound'),
(73, 'AIR2072', 'TPE', '台北', 'HND', '東京', 'TPE-HND', '2025-07-27 08:00:00', '2025-07-27 12:30:00', 210, 'outbound'),
(74, 'AIR2073', 'HND', '東京', 'TPE', '台北', 'HND-TPE', '2025-07-27 17:00:00', '2025-07-27 19:30:00', 210, 'inbound'),
(75, 'AIR2074', 'TPE', '台北', 'KIX', '大阪', 'TPE-KIX', '2025-07-27 08:00:00', '2025-07-27 12:00:00', 180, 'outbound'),
(76, 'AIR2075', 'KIX', '大阪', 'TPE', '台北', 'KIX-TPE', '2025-07-27 17:00:00', '2025-07-27 19:00:00', 180, 'inbound'),
(77, 'AIR2076', 'TPE', '台北', 'CTS', '北海道', 'TPE-CTS', '2025-07-27 08:00:00', '2025-07-27 13:00:00', 240, 'outbound'),
(78, 'AIR2077', 'CTS', '北海道', 'TPE', '台北', 'CTS-TPE', '2025-07-27 17:00:00', '2025-07-27 20:00:00', 240, 'inbound'),
(79, 'AIR2078', 'TPE', '台北', 'HND', '東京', 'TPE-HND', '2025-07-28 08:00:00', '2025-07-28 12:30:00', 210, 'outbound'),
(80, 'AIR2079', 'HND', '東京', 'TPE', '台北', 'HND-TPE', '2025-07-28 17:00:00', '2025-07-28 19:30:00', 210, 'inbound'),
(81, 'AIR2080', 'TPE', '台北', 'KIX', '大阪', 'TPE-KIX', '2025-07-28 08:00:00', '2025-07-28 12:00:00', 180, 'outbound'),
(82, 'AIR2081', 'KIX', '大阪', 'TPE', '台北', 'KIX-TPE', '2025-07-28 17:00:00', '2025-07-28 19:00:00', 180, 'inbound'),
(83, 'AIR2082', 'TPE', '台北', 'CTS', '北海道', 'TPE-CTS', '2025-07-28 08:00:00', '2025-07-28 13:00:00', 240, 'outbound'),
(84, 'AIR2083', 'CTS', '北海道', 'TPE', '台北', 'CTS-TPE', '2025-07-28 17:00:00', '2025-07-28 20:00:00', 240, 'inbound'),
(85, 'AIR2084', 'TPE', '台北', 'HND', '東京', 'TPE-HND', '2025-07-29 08:00:00', '2025-07-29 12:30:00', 210, 'outbound'),
(86, 'AIR2085', 'HND', '東京', 'TPE', '台北', 'HND-TPE', '2025-07-29 17:00:00', '2025-07-29 19:30:00', 210, 'inbound'),
(87, 'AIR2086', 'TPE', '台北', 'KIX', '大阪', 'TPE-KIX', '2025-07-29 08:00:00', '2025-07-29 12:00:00', 180, 'outbound'),
(88, 'AIR2087', 'KIX', '大阪', 'TPE', '台北', 'KIX-TPE', '2025-07-29 17:00:00', '2025-07-29 19:00:00', 180, 'inbound'),
(89, 'AIR2088', 'TPE', '台北', 'CTS', '北海道', 'TPE-CTS', '2025-07-29 08:00:00', '2025-07-29 13:00:00', 240, 'outbound'),
(90, 'AIR2089', 'CTS', '北海道', 'TPE', '台北', 'CTS-TPE', '2025-07-29 17:00:00', '2025-07-29 20:00:00', 240, 'inbound'),
(91, 'AIR2090', 'TPE', '台北', 'HND', '東京', 'TPE-HND', '2025-07-30 08:00:00', '2025-07-30 12:30:00', 210, 'outbound'),
(92, 'AIR2091', 'HND', '東京', 'TPE', '台北', 'HND-TPE', '2025-07-30 17:00:00', '2025-07-30 19:30:00', 210, 'inbound'),
(93, 'AIR2092', 'TPE', '台北', 'KIX', '大阪', 'TPE-KIX', '2025-07-30 08:00:00', '2025-07-30 12:00:00', 180, 'outbound'),
(94, 'AIR2093', 'KIX', '大阪', 'TPE', '台北', 'KIX-TPE', '2025-07-30 17:00:00', '2025-07-30 19:00:00', 180, 'inbound'),
(95, 'AIR2094', 'TPE', '台北', 'CTS', '北海道', 'TPE-CTS', '2025-07-30 08:00:00', '2025-07-30 13:00:00', 240, 'outbound'),
(96, 'AIR2095', 'CTS', '北海道', 'TPE', '台北', 'CTS-TPE', '2025-07-30 17:00:00', '2025-07-30 20:00:00', 240, 'inbound'),
(97, 'AIR2096', 'TPE', '台北', 'HND', '東京', 'TPE-HND', '2025-07-31 08:00:00', '2025-07-31 12:30:00', 210, 'outbound'),
(98, 'AIR2097', 'HND', '東京', 'TPE', '台北', 'HND-TPE', '2025-07-31 17:00:00', '2025-07-31 19:30:00', 210, 'inbound'),
(99, 'AIR2098', 'TPE', '台北', 'KIX', '大阪', 'TPE-KIX', '2025-07-31 08:00:00', '2025-07-31 12:00:00', 180, 'outbound'),
(100, 'AIR2099', 'KIX', '大阪', 'TPE', '台北', 'KIX-TPE', '2025-07-31 17:00:00', '2025-07-31 19:00:00', 180, 'inbound'),
(101, 'AIR2100', 'TPE', '台北', 'CTS', '北海道', 'TPE-CTS', '2025-07-31 08:00:00', '2025-07-31 13:00:00', 240, 'outbound'),
(102, 'AIR2101', 'CTS', '北海道', 'TPE', '台北', 'CTS-TPE', '2025-07-31 17:00:00', '2025-07-31 20:00:00', 240, 'inbound'),
(103, 'AIR2102', 'TPE', '台北', 'HND', '東京', 'TPE-HND', '2025-08-01 08:00:00', '2025-08-01 12:30:00', 210, 'outbound'),
(104, 'AIR2103', 'HND', '東京', 'TPE', '台北', 'HND-TPE', '2025-08-01 17:00:00', '2025-08-01 19:30:00', 210, 'inbound'),
(105, 'AIR2104', 'TPE', '台北', 'KIX', '大阪', 'TPE-KIX', '2025-08-01 08:00:00', '2025-08-01 12:00:00', 180, 'outbound'),
(106, 'AIR2105', 'KIX', '大阪', 'TPE', '台北', 'KIX-TPE', '2025-08-01 17:00:00', '2025-08-01 19:00:00', 180, 'inbound'),
(107, 'AIR2106', 'TPE', '台北', 'CTS', '北海道', 'TPE-CTS', '2025-08-01 08:00:00', '2025-08-01 13:00:00', 240, 'outbound'),
(108, 'AIR2107', 'CTS', '北海道', 'TPE', '台北', 'CTS-TPE', '2025-08-01 17:00:00', '2025-08-01 20:00:00', 240, 'inbound'),
(109, 'AIR2108', 'TPE', '台北', 'HND', '東京', 'TPE-HND', '2025-08-02 08:00:00', '2025-08-02 12:30:00', 210, 'outbound'),
(110, 'AIR2109', 'HND', '東京', 'TPE', '台北', 'HND-TPE', '2025-08-02 17:00:00', '2025-08-02 19:30:00', 210, 'inbound'),
(111, 'AIR2110', 'TPE', '台北', 'KIX', '大阪', 'TPE-KIX', '2025-08-02 08:00:00', '2025-08-02 12:00:00', 180, 'outbound'),
(112, 'AIR2111', 'KIX', '大阪', 'TPE', '台北', 'KIX-TPE', '2025-08-02 17:00:00', '2025-08-02 19:00:00', 180, 'inbound'),
(113, 'AIR2112', 'TPE', '台北', 'CTS', '北海道', 'TPE-CTS', '2025-08-02 08:00:00', '2025-08-02 13:00:00', 240, 'outbound'),
(114, 'AIR2113', 'CTS', '北海道', 'TPE', '台北', 'CTS-TPE', '2025-08-02 17:00:00', '2025-08-02 20:00:00', 240, 'inbound'),
(115, 'AIR2114', 'TPE', '台北', 'HND', '東京', 'TPE-HND', '2025-08-03 08:00:00', '2025-08-03 12:30:00', 210, 'outbound'),
(116, 'AIR2115', 'HND', '東京', 'TPE', '台北', 'HND-TPE', '2025-08-03 17:00:00', '2025-08-03 19:30:00', 210, 'inbound'),
(117, 'AIR2116', 'TPE', '台北', 'KIX', '大阪', 'TPE-KIX', '2025-08-03 08:00:00', '2025-08-03 12:00:00', 180, 'outbound'),
(118, 'AIR2117', 'KIX', '大阪', 'TPE', '台北', 'KIX-TPE', '2025-08-03 17:00:00', '2025-08-03 19:00:00', 180, 'inbound'),
(119, 'AIR2118', 'TPE', '台北', 'CTS', '北海道', 'TPE-CTS', '2025-08-03 08:00:00', '2025-08-03 13:00:00', 240, 'outbound'),
(120, 'AIR2119', 'CTS', '北海道', 'TPE', '台北', 'CTS-TPE', '2025-08-03 17:00:00', '2025-08-03 20:00:00', 240, 'inbound'),
(121, 'AIR2120', 'TPE', '台北', 'HND', '東京', 'TPE-HND', '2025-08-04 08:00:00', '2025-08-04 12:30:00', 210, 'outbound'),
(122, 'AIR2121', 'HND', '東京', 'TPE', '台北', 'HND-TPE', '2025-08-04 17:00:00', '2025-08-04 19:30:00', 210, 'inbound'),
(123, 'AIR2122', 'TPE', '台北', 'KIX', '大阪', 'TPE-KIX', '2025-08-04 08:00:00', '2025-08-04 12:00:00', 180, 'outbound'),
(124, 'AIR2123', 'KIX', '大阪', 'TPE', '台北', 'KIX-TPE', '2025-08-04 17:00:00', '2025-08-04 19:00:00', 180, 'inbound'),
(125, 'AIR2124', 'TPE', '台北', 'CTS', '北海道', 'TPE-CTS', '2025-08-04 08:00:00', '2025-08-04 13:00:00', 240, 'outbound'),
(126, 'AIR2125', 'CTS', '北海道', 'TPE', '台北', 'CTS-TPE', '2025-08-04 17:00:00', '2025-08-04 20:00:00', 240, 'inbound'),
(127, 'AIR2126', 'TPE', '台北', 'HND', '東京', 'TPE-HND', '2025-08-05 08:00:00', '2025-08-05 12:30:00', 210, 'outbound'),
(128, 'AIR2127', 'HND', '東京', 'TPE', '台北', 'HND-TPE', '2025-08-05 17:00:00', '2025-08-05 19:30:00', 210, 'inbound'),
(129, 'AIR2128', 'TPE', '台北', 'KIX', '大阪', 'TPE-KIX', '2025-08-05 08:00:00', '2025-08-05 12:00:00', 180, 'outbound'),
(130, 'AIR2129', 'KIX', '大阪', 'TPE', '台北', 'KIX-TPE', '2025-08-05 17:00:00', '2025-08-05 19:00:00', 180, 'inbound'),
(131, 'AIR2130', 'TPE', '台北', 'CTS', '北海道', 'TPE-CTS', '2025-08-05 08:00:00', '2025-08-05 13:00:00', 240, 'outbound'),
(132, 'AIR2131', 'CTS', '北海道', 'TPE', '台北', 'CTS-TPE', '2025-08-05 17:00:00', '2025-08-05 20:00:00', 240, 'inbound'),
(133, 'AIR2132', 'TPE', '台北', 'HND', '東京', 'TPE-HND', '2025-08-06 08:00:00', '2025-08-06 12:30:00', 210, 'outbound'),
(134, 'AIR2133', 'HND', '東京', 'TPE', '台北', 'HND-TPE', '2025-08-06 17:00:00', '2025-08-06 19:30:00', 210, 'inbound'),
(135, 'AIR2134', 'TPE', '台北', 'KIX', '大阪', 'TPE-KIX', '2025-08-06 08:00:00', '2025-08-06 12:00:00', 180, 'outbound'),
(136, 'AIR2135', 'KIX', '大阪', 'TPE', '台北', 'KIX-TPE', '2025-08-06 17:00:00', '2025-08-06 19:00:00', 180, 'inbound'),
(137, 'AIR2136', 'TPE', '台北', 'CTS', '北海道', 'TPE-CTS', '2025-08-06 08:00:00', '2025-08-06 13:00:00', 240, 'outbound'),
(138, 'AIR2137', 'CTS', '北海道', 'TPE', '台北', 'CTS-TPE', '2025-08-06 17:00:00', '2025-08-06 20:00:00', 240, 'inbound'),
(139, 'AIR2138', 'TPE', '台北', 'HND', '東京', 'TPE-HND', '2025-08-07 08:00:00', '2025-08-07 12:30:00', 210, 'outbound'),
(140, 'AIR2139', 'HND', '東京', 'TPE', '台北', 'HND-TPE', '2025-08-07 17:00:00', '2025-08-07 19:30:00', 210, 'inbound'),
(141, 'AIR2140', 'TPE', '台北', 'KIX', '大阪', 'TPE-KIX', '2025-08-07 08:00:00', '2025-08-07 12:00:00', 180, 'outbound'),
(142, 'AIR2141', 'KIX', '大阪', 'TPE', '台北', 'KIX-TPE', '2025-08-07 17:00:00', '2025-08-07 19:00:00', 180, 'inbound'),
(143, 'AIR2142', 'TPE', '台北', 'CTS', '北海道', 'TPE-CTS', '2025-08-07 08:00:00', '2025-08-07 13:00:00', 240, 'outbound'),
(144, 'AIR2143', 'CTS', '北海道', 'TPE', '台北', 'CTS-TPE', '2025-08-07 17:00:00', '2025-08-07 20:00:00', 240, 'inbound'),
(145, 'AIR2144', 'TPE', '台北', 'HND', '東京', 'TPE-HND', '2025-08-08 08:00:00', '2025-08-08 12:30:00', 210, 'outbound'),
(146, 'AIR2145', 'HND', '東京', 'TPE', '台北', 'HND-TPE', '2025-08-08 17:00:00', '2025-08-08 19:30:00', 210, 'inbound'),
(147, 'AIR2146', 'TPE', '台北', 'KIX', '大阪', 'TPE-KIX', '2025-08-08 08:00:00', '2025-08-08 12:00:00', 180, 'outbound'),
(148, 'AIR2147', 'KIX', '大阪', 'TPE', '台北', 'KIX-TPE', '2025-08-08 17:00:00', '2025-08-08 19:00:00', 180, 'inbound'),
(149, 'AIR2148', 'TPE', '台北', 'CTS', '北海道', 'TPE-CTS', '2025-08-08 08:00:00', '2025-08-08 13:00:00', 240, 'outbound'),
(150, 'AIR2149', 'CTS', '北海道', 'TPE', '台北', 'CTS-TPE', '2025-08-08 17:00:00', '2025-08-08 20:00:00', 240, 'inbound'),
(151, 'AIR2150', 'TPE', '台北', 'HND', '東京', 'TPE-HND', '2025-08-09 08:00:00', '2025-08-09 12:30:00', 210, 'outbound'),
(152, 'AIR2151', 'HND', '東京', 'TPE', '台北', 'HND-TPE', '2025-08-09 17:00:00', '2025-08-09 19:30:00', 210, 'inbound'),
(153, 'AIR2152', 'TPE', '台北', 'KIX', '大阪', 'TPE-KIX', '2025-08-09 08:00:00', '2025-08-09 12:00:00', 180, 'outbound'),
(154, 'AIR2153', 'KIX', '大阪', 'TPE', '台北', 'KIX-TPE', '2025-08-09 17:00:00', '2025-08-09 19:00:00', 180, 'inbound'),
(155, 'AIR2154', 'TPE', '台北', 'CTS', '北海道', 'TPE-CTS', '2025-08-09 08:00:00', '2025-08-09 13:00:00', 240, 'outbound'),
(156, 'AIR2155', 'CTS', '北海道', 'TPE', '台北', 'CTS-TPE', '2025-08-09 17:00:00', '2025-08-09 20:00:00', 240, 'inbound'),
(157, 'AIR2156', 'TPE', '台北', 'HND', '東京', 'TPE-HND', '2025-08-10 08:00:00', '2025-08-10 12:30:00', 210, 'outbound'),
(158, 'AIR2157', 'HND', '東京', 'TPE', '台北', 'HND-TPE', '2025-08-10 17:00:00', '2025-08-10 19:30:00', 210, 'inbound'),
(159, 'AIR2158', 'TPE', '台北', 'KIX', '大阪', 'TPE-KIX', '2025-08-10 08:00:00', '2025-08-10 12:00:00', 180, 'outbound'),
(160, 'AIR2159', 'KIX', '大阪', 'TPE', '台北', 'KIX-TPE', '2025-08-10 17:00:00', '2025-08-10 19:00:00', 180, 'inbound'),
(161, 'AIR2160', 'TPE', '台北', 'CTS', '北海道', 'TPE-CTS', '2025-08-10 08:00:00', '2025-08-10 13:00:00', 240, 'outbound'),
(162, 'AIR2161', 'CTS', '北海道', 'TPE', '台北', 'CTS-TPE', '2025-08-10 17:00:00', '2025-08-10 20:00:00', 240, 'inbound'),
(163, 'AIR2162', 'TPE', '台北', 'HND', '東京', 'TPE-HND', '2025-08-11 08:00:00', '2025-08-11 12:30:00', 210, 'outbound'),
(164, 'AIR2163', 'HND', '東京', 'TPE', '台北', 'HND-TPE', '2025-08-11 17:00:00', '2025-08-11 19:30:00', 210, 'inbound'),
(165, 'AIR2164', 'TPE', '台北', 'KIX', '大阪', 'TPE-KIX', '2025-08-11 08:00:00', '2025-08-11 12:00:00', 180, 'outbound'),
(166, 'AIR2165', 'KIX', '大阪', 'TPE', '台北', 'KIX-TPE', '2025-08-11 17:00:00', '2025-08-11 19:00:00', 180, 'inbound'),
(167, 'AIR2166', 'TPE', '台北', 'CTS', '北海道', 'TPE-CTS', '2025-08-11 08:00:00', '2025-08-11 13:00:00', 240, 'outbound'),
(168, 'AIR2167', 'CTS', '北海道', 'TPE', '台北', 'CTS-TPE', '2025-08-11 17:00:00', '2025-08-11 20:00:00', 240, 'inbound'),
(169, 'AIR2168', 'TPE', '台北', 'HND', '東京', 'TPE-HND', '2025-08-12 08:00:00', '2025-08-12 12:30:00', 210, 'outbound'),
(170, 'AIR2169', 'HND', '東京', 'TPE', '台北', 'HND-TPE', '2025-08-12 17:00:00', '2025-08-12 19:30:00', 210, 'inbound'),
(171, 'AIR2170', 'TPE', '台北', 'KIX', '大阪', 'TPE-KIX', '2025-08-12 08:00:00', '2025-08-12 12:00:00', 180, 'outbound'),
(172, 'AIR2171', 'KIX', '大阪', 'TPE', '台北', 'KIX-TPE', '2025-08-12 17:00:00', '2025-08-12 19:00:00', 180, 'inbound'),
(173, 'AIR2172', 'TPE', '台北', 'CTS', '北海道', 'TPE-CTS', '2025-08-12 08:00:00', '2025-08-12 13:00:00', 240, 'outbound'),
(174, 'AIR2173', 'CTS', '北海道', 'TPE', '台北', 'CTS-TPE', '2025-08-12 17:00:00', '2025-08-12 20:00:00', 240, 'inbound'),
(175, 'AIR2174', 'TPE', '台北', 'HND', '東京', 'TPE-HND', '2025-08-13 08:00:00', '2025-08-13 12:30:00', 210, 'outbound'),
(176, 'AIR2175', 'HND', '東京', 'TPE', '台北', 'HND-TPE', '2025-08-13 17:00:00', '2025-08-13 19:30:00', 210, 'inbound'),
(177, 'AIR2176', 'TPE', '台北', 'KIX', '大阪', 'TPE-KIX', '2025-08-13 08:00:00', '2025-08-13 12:00:00', 180, 'outbound'),
(178, 'AIR2177', 'KIX', '大阪', 'TPE', '台北', 'KIX-TPE', '2025-08-13 17:00:00', '2025-08-13 19:00:00', 180, 'inbound'),
(179, 'AIR2178', 'TPE', '台北', 'CTS', '北海道', 'TPE-CTS', '2025-08-13 08:00:00', '2025-08-13 13:00:00', 240, 'outbound'),
(180, 'AIR2179', 'CTS', '北海道', 'TPE', '台北', 'CTS-TPE', '2025-08-13 17:00:00', '2025-08-13 20:00:00', 240, 'inbound'),
(181, 'AIR2180', 'TPE', '台北', 'HND', '東京', 'TPE-HND', '2025-08-14 08:00:00', '2025-08-14 12:30:00', 210, 'outbound'),
(182, 'AIR2181', 'HND', '東京', 'TPE', '台北', 'HND-TPE', '2025-08-14 17:00:00', '2025-08-14 19:30:00', 210, 'inbound'),
(183, 'AIR2182', 'TPE', '台北', 'KIX', '大阪', 'TPE-KIX', '2025-08-14 08:00:00', '2025-08-14 12:00:00', 180, 'outbound'),
(184, 'AIR2183', 'KIX', '大阪', 'TPE', '台北', 'KIX-TPE', '2025-08-14 17:00:00', '2025-08-14 19:00:00', 180, 'inbound'),
(185, 'AIR2184', 'TPE', '台北', 'CTS', '北海道', 'TPE-CTS', '2025-08-14 08:00:00', '2025-08-14 13:00:00', 240, 'outbound'),
(186, 'AIR2185', 'CTS', '北海道', 'TPE', '台北', 'CTS-TPE', '2025-08-14 17:00:00', '2025-08-14 20:00:00', 240, 'inbound'),
(187, 'AIR2186', 'TPE', '台北', 'HND', '東京', 'TPE-HND', '2025-08-15 08:00:00', '2025-08-15 12:30:00', 210, 'outbound'),
(188, 'AIR2187', 'HND', '東京', 'TPE', '台北', 'HND-TPE', '2025-08-15 17:00:00', '2025-08-15 19:30:00', 210, 'inbound'),
(189, 'AIR2188', 'TPE', '台北', 'KIX', '大阪', 'TPE-KIX', '2025-08-15 08:00:00', '2025-08-15 12:00:00', 180, 'outbound'),
(190, 'AIR2189', 'KIX', '大阪', 'TPE', '台北', 'KIX-TPE', '2025-08-15 17:00:00', '2025-08-15 19:00:00', 180, 'inbound'),
(191, 'AIR2190', 'TPE', '台北', 'CTS', '北海道', 'TPE-CTS', '2025-08-15 08:00:00', '2025-08-15 13:00:00', 240, 'outbound'),
(192, 'AIR2191', 'CTS', '北海道', 'TPE', '台北', 'CTS-TPE', '2025-08-15 17:00:00', '2025-08-15 20:00:00', 240, 'inbound'),
(193, 'AIR2192', 'TPE', '台北', 'HND', '東京', 'TPE-HND', '2025-08-16 08:00:00', '2025-08-16 12:30:00', 210, 'outbound'),
(194, 'AIR2193', 'HND', '東京', 'TPE', '台北', 'HND-TPE', '2025-08-16 17:00:00', '2025-08-16 19:30:00', 210, 'inbound'),
(195, 'AIR2194', 'TPE', '台北', 'KIX', '大阪', 'TPE-KIX', '2025-08-16 08:00:00', '2025-08-16 12:00:00', 180, 'outbound'),
(196, 'AIR2195', 'KIX', '大阪', 'TPE', '台北', 'KIX-TPE', '2025-08-16 17:00:00', '2025-08-16 19:00:00', 180, 'inbound'),
(197, 'AIR2196', 'TPE', '台北', 'CTS', '北海道', 'TPE-CTS', '2025-08-16 08:00:00', '2025-08-16 13:00:00', 240, 'outbound'),
(198, 'AIR2197', 'CTS', '北海道', 'TPE', '台北', 'CTS-TPE', '2025-08-16 17:00:00', '2025-08-16 20:00:00', 240, 'inbound'),
(199, 'AIR2198', 'TPE', '台北', 'HND', '東京', 'TPE-HND', '2025-08-17 08:00:00', '2025-08-17 12:30:00', 210, 'outbound'),
(200, 'AIR2199', 'HND', '東京', 'TPE', '台北', 'HND-TPE', '2025-08-17 17:00:00', '2025-08-17 19:30:00', 210, 'inbound'),
(201, 'AIR2200', 'TPE', '台北', 'KIX', '大阪', 'TPE-KIX', '2025-08-17 08:00:00', '2025-08-17 12:00:00', 180, 'outbound'),
(202, 'AIR2201', 'KIX', '大阪', 'TPE', '台北', 'KIX-TPE', '2025-08-17 17:00:00', '2025-08-17 19:00:00', 180, 'inbound'),
(203, 'AIR2202', 'TPE', '台北', 'CTS', '北海道', 'TPE-CTS', '2025-08-17 08:00:00', '2025-08-17 13:00:00', 240, 'outbound'),
(204, 'AIR2203', 'CTS', '北海道', 'TPE', '台北', 'CTS-TPE', '2025-08-17 17:00:00', '2025-08-17 20:00:00', 240, 'inbound'),
(205, 'AIR2204', 'TPE', '台北', 'HND', '東京', 'TPE-HND', '2025-08-18 08:00:00', '2025-08-18 12:30:00', 210, 'outbound'),
(206, 'AIR2205', 'HND', '東京', 'TPE', '台北', 'HND-TPE', '2025-08-18 17:00:00', '2025-08-18 19:30:00', 210, 'inbound'),
(207, 'AIR2206', 'TPE', '台北', 'KIX', '大阪', 'TPE-KIX', '2025-08-18 08:00:00', '2025-08-18 12:00:00', 180, 'outbound'),
(208, 'AIR2207', 'KIX', '大阪', 'TPE', '台北', 'KIX-TPE', '2025-08-18 17:00:00', '2025-08-18 19:00:00', 180, 'inbound'),
(209, 'AIR2208', 'TPE', '台北', 'CTS', '北海道', 'TPE-CTS', '2025-08-18 08:00:00', '2025-08-18 13:00:00', 240, 'outbound'),
(210, 'AIR2209', 'CTS', '北海道', 'TPE', '台北', 'CTS-TPE', '2025-08-18 17:00:00', '2025-08-18 20:00:00', 240, 'inbound'),
(211, 'AIR2210', 'TPE', '台北', 'HND', '東京', 'TPE-HND', '2025-08-19 08:00:00', '2025-08-19 12:30:00', 210, 'outbound'),
(212, 'AIR2211', 'HND', '東京', 'TPE', '台北', 'HND-TPE', '2025-08-19 17:00:00', '2025-08-19 19:30:00', 210, 'inbound'),
(213, 'AIR2212', 'TPE', '台北', 'KIX', '大阪', 'TPE-KIX', '2025-08-19 08:00:00', '2025-08-19 12:00:00', 180, 'outbound'),
(214, 'AIR2213', 'KIX', '大阪', 'TPE', '台北', 'KIX-TPE', '2025-08-19 17:00:00', '2025-08-19 19:00:00', 180, 'inbound'),
(215, 'AIR2214', 'TPE', '台北', 'CTS', '北海道', 'TPE-CTS', '2025-08-19 08:00:00', '2025-08-19 13:00:00', 240, 'outbound'),
(216, 'AIR2215', 'CTS', '北海道', 'TPE', '台北', 'CTS-TPE', '2025-08-19 17:00:00', '2025-08-19 20:00:00', 240, 'inbound'),
(217, 'AIR2216', 'TPE', '台北', 'HND', '東京', 'TPE-HND', '2025-08-20 08:00:00', '2025-08-20 12:30:00', 210, 'outbound'),
(218, 'AIR2217', 'HND', '東京', 'TPE', '台北', 'HND-TPE', '2025-08-20 17:00:00', '2025-08-20 19:30:00', 210, 'inbound'),
(219, 'AIR2218', 'TPE', '台北', 'KIX', '大阪', 'TPE-KIX', '2025-08-20 08:00:00', '2025-08-20 12:00:00', 180, 'outbound'),
(220, 'AIR2219', 'KIX', '大阪', 'TPE', '台北', 'KIX-TPE', '2025-08-20 17:00:00', '2025-08-20 19:00:00', 180, 'inbound'),
(221, 'AIR2220', 'TPE', '台北', 'CTS', '北海道', 'TPE-CTS', '2025-08-20 08:00:00', '2025-08-20 13:00:00', 240, 'outbound'),
(222, 'AIR2221', 'CTS', '北海道', 'TPE', '台北', 'CTS-TPE', '2025-08-20 17:00:00', '2025-08-20 20:00:00', 240, 'inbound'),
(223, 'AIR2222', 'TPE', '台北', 'HND', '東京', 'TPE-HND', '2025-08-21 08:00:00', '2025-08-21 12:30:00', 210, 'outbound'),
(224, 'AIR2223', 'HND', '東京', 'TPE', '台北', 'HND-TPE', '2025-08-21 17:00:00', '2025-08-21 19:30:00', 210, 'inbound'),
(225, 'AIR2224', 'TPE', '台北', 'KIX', '大阪', 'TPE-KIX', '2025-08-21 08:00:00', '2025-08-21 12:00:00', 180, 'outbound'),
(226, 'AIR2225', 'KIX', '大阪', 'TPE', '台北', 'KIX-TPE', '2025-08-21 17:00:00', '2025-08-21 19:00:00', 180, 'inbound'),
(227, 'AIR2226', 'TPE', '台北', 'CTS', '北海道', 'TPE-CTS', '2025-08-21 08:00:00', '2025-08-21 13:00:00', 240, 'outbound'),
(228, 'AIR2227', 'CTS', '北海道', 'TPE', '台北', 'CTS-TPE', '2025-08-21 17:00:00', '2025-08-21 20:00:00', 240, 'inbound'),
(229, 'AIR2228', 'TPE', '台北', 'HND', '東京', 'TPE-HND', '2025-08-22 08:00:00', '2025-08-22 12:30:00', 210, 'outbound'),
(230, 'AIR2229', 'HND', '東京', 'TPE', '台北', 'HND-TPE', '2025-08-22 17:00:00', '2025-08-22 19:30:00', 210, 'inbound'),
(231, 'AIR2230', 'TPE', '台北', 'KIX', '大阪', 'TPE-KIX', '2025-08-22 08:00:00', '2025-08-22 12:00:00', 180, 'outbound'),
(232, 'AIR2231', 'KIX', '大阪', 'TPE', '台北', 'KIX-TPE', '2025-08-22 17:00:00', '2025-08-22 19:00:00', 180, 'inbound'),
(233, 'AIR2232', 'TPE', '台北', 'CTS', '北海道', 'TPE-CTS', '2025-08-22 08:00:00', '2025-08-22 13:00:00', 240, 'outbound'),
(234, 'AIR2233', 'CTS', '北海道', 'TPE', '台北', 'CTS-TPE', '2025-08-22 17:00:00', '2025-08-22 20:00:00', 240, 'inbound'),
(235, 'AIR2234', 'TPE', '台北', 'HND', '東京', 'TPE-HND', '2025-08-23 08:00:00', '2025-08-23 12:30:00', 210, 'outbound'),
(236, 'AIR2235', 'HND', '東京', 'TPE', '台北', 'HND-TPE', '2025-08-23 17:00:00', '2025-08-23 19:30:00', 210, 'inbound'),
(237, 'AIR2236', 'TPE', '台北', 'KIX', '大阪', 'TPE-KIX', '2025-08-23 08:00:00', '2025-08-23 12:00:00', 180, 'outbound'),
(238, 'AIR2237', 'KIX', '大阪', 'TPE', '台北', 'KIX-TPE', '2025-08-23 17:00:00', '2025-08-23 19:00:00', 180, 'inbound'),
(239, 'AIR2238', 'TPE', '台北', 'CTS', '北海道', 'TPE-CTS', '2025-08-23 08:00:00', '2025-08-23 13:00:00', 240, 'outbound'),
(240, 'AIR2239', 'CTS', '北海道', 'TPE', '台北', 'CTS-TPE', '2025-08-23 17:00:00', '2025-08-23 20:00:00', 240, 'inbound'),
(241, 'AIR2240', 'TPE', '台北', 'HND', '東京', 'TPE-HND', '2025-08-24 08:00:00', '2025-08-24 12:30:00', 210, 'outbound'),
(242, 'AIR2241', 'HND', '東京', 'TPE', '台北', 'HND-TPE', '2025-08-24 17:00:00', '2025-08-24 19:30:00', 210, 'inbound'),
(243, 'AIR2242', 'TPE', '台北', 'KIX', '大阪', 'TPE-KIX', '2025-08-24 08:00:00', '2025-08-24 12:00:00', 180, 'outbound'),
(244, 'AIR2243', 'KIX', '大阪', 'TPE', '台北', 'KIX-TPE', '2025-08-24 17:00:00', '2025-08-24 19:00:00', 180, 'inbound'),
(245, 'AIR2244', 'TPE', '台北', 'CTS', '北海道', 'TPE-CTS', '2025-08-24 08:00:00', '2025-08-24 13:00:00', 240, 'outbound'),
(246, 'AIR2245', 'CTS', '北海道', 'TPE', '台北', 'CTS-TPE', '2025-08-24 17:00:00', '2025-08-24 20:00:00', 240, 'inbound'),
(247, 'AIR2246', 'TPE', '台北', 'HND', '東京', 'TPE-HND', '2025-08-25 08:00:00', '2025-08-25 12:30:00', 210, 'outbound'),
(248, 'AIR2247', 'HND', '東京', 'TPE', '台北', 'HND-TPE', '2025-08-25 17:00:00', '2025-08-25 19:30:00', 210, 'inbound'),
(249, 'AIR2248', 'TPE', '台北', 'KIX', '大阪', 'TPE-KIX', '2025-08-25 08:00:00', '2025-08-25 12:00:00', 180, 'outbound'),
(250, 'AIR2249', 'KIX', '大阪', 'TPE', '台北', 'KIX-TPE', '2025-08-25 17:00:00', '2025-08-25 19:00:00', 180, 'inbound'),
(251, 'AIR2250', 'TPE', '台北', 'CTS', '北海道', 'TPE-CTS', '2025-08-25 08:00:00', '2025-08-25 13:00:00', 240, 'outbound'),
(252, 'AIR2251', 'CTS', '北海道', 'TPE', '台北', 'CTS-TPE', '2025-08-25 17:00:00', '2025-08-25 20:00:00', 240, 'inbound'),
(253, 'AIR2252', 'TPE', '台北', 'HND', '東京', 'TPE-HND', '2025-08-26 08:00:00', '2025-08-26 12:30:00', 210, 'outbound'),
(254, 'AIR2253', 'HND', '東京', 'TPE', '台北', 'HND-TPE', '2025-08-26 17:00:00', '2025-08-26 19:30:00', 210, 'inbound'),
(255, 'AIR2254', 'TPE', '台北', 'KIX', '大阪', 'TPE-KIX', '2025-08-26 08:00:00', '2025-08-26 12:00:00', 180, 'outbound'),
(256, 'AIR2255', 'KIX', '大阪', 'TPE', '台北', 'KIX-TPE', '2025-08-26 17:00:00', '2025-08-26 19:00:00', 180, 'inbound'),
(257, 'AIR2256', 'TPE', '台北', 'CTS', '北海道', 'TPE-CTS', '2025-08-26 08:00:00', '2025-08-26 13:00:00', 240, 'outbound'),
(258, 'AIR2257', 'CTS', '北海道', 'TPE', '台北', 'CTS-TPE', '2025-08-26 17:00:00', '2025-08-26 20:00:00', 240, 'inbound'),
(259, 'AIR2258', 'TPE', '台北', 'HND', '東京', 'TPE-HND', '2025-08-27 08:00:00', '2025-08-27 12:30:00', 210, 'outbound'),
(260, 'AIR2259', 'HND', '東京', 'TPE', '台北', 'HND-TPE', '2025-08-27 17:00:00', '2025-08-27 19:30:00', 210, 'inbound'),
(261, 'AIR2260', 'TPE', '台北', 'KIX', '大阪', 'TPE-KIX', '2025-08-27 08:00:00', '2025-08-27 12:00:00', 180, 'outbound'),
(262, 'AIR2261', 'KIX', '大阪', 'TPE', '台北', 'KIX-TPE', '2025-08-27 17:00:00', '2025-08-27 19:00:00', 180, 'inbound'),
(263, 'AIR2262', 'TPE', '台北', 'CTS', '北海道', 'TPE-CTS', '2025-08-27 08:00:00', '2025-08-27 13:00:00', 240, 'outbound'),
(264, 'AIR2263', 'CTS', '北海道', 'TPE', '台北', 'CTS-TPE', '2025-08-27 17:00:00', '2025-08-27 20:00:00', 240, 'inbound'),
(265, 'AIR2264', 'TPE', '台北', 'HND', '東京', 'TPE-HND', '2025-08-28 08:00:00', '2025-08-28 12:30:00', 210, 'outbound'),
(266, 'AIR2265', 'HND', '東京', 'TPE', '台北', 'HND-TPE', '2025-08-28 17:00:00', '2025-08-28 19:30:00', 210, 'inbound'),
(267, 'AIR2266', 'TPE', '台北', 'KIX', '大阪', 'TPE-KIX', '2025-08-28 08:00:00', '2025-08-28 12:00:00', 180, 'outbound'),
(268, 'AIR2267', 'KIX', '大阪', 'TPE', '台北', 'KIX-TPE', '2025-08-28 17:00:00', '2025-08-28 19:00:00', 180, 'inbound'),
(269, 'AIR2268', 'TPE', '台北', 'CTS', '北海道', 'TPE-CTS', '2025-08-28 08:00:00', '2025-08-28 13:00:00', 240, 'outbound'),
(270, 'AIR2269', 'CTS', '北海道', 'TPE', '台北', 'CTS-TPE', '2025-08-28 17:00:00', '2025-08-28 20:00:00', 240, 'inbound'),
(271, 'AIR2270', 'TPE', '台北', 'HND', '東京', 'TPE-HND', '2025-08-29 08:00:00', '2025-08-29 12:30:00', 210, 'outbound'),
(272, 'AIR2271', 'HND', '東京', 'TPE', '台北', 'HND-TPE', '2025-08-29 17:00:00', '2025-08-29 19:30:00', 210, 'inbound'),
(273, 'AIR2272', 'TPE', '台北', 'KIX', '大阪', 'TPE-KIX', '2025-08-29 08:00:00', '2025-08-29 12:00:00', 180, 'outbound'),
(274, 'AIR2273', 'KIX', '大阪', 'TPE', '台北', 'KIX-TPE', '2025-08-29 17:00:00', '2025-08-29 19:00:00', 180, 'inbound'),
(275, 'AIR2274', 'TPE', '台北', 'CTS', '北海道', 'TPE-CTS', '2025-08-29 08:00:00', '2025-08-29 13:00:00', 240, 'outbound'),
(276, 'AIR2275', 'CTS', '北海道', 'TPE', '台北', 'CTS-TPE', '2025-08-29 17:00:00', '2025-08-29 20:00:00', 240, 'inbound'),
(277, 'AIR2276', 'TPE', '台北', 'HND', '東京', 'TPE-HND', '2025-08-30 08:00:00', '2025-08-30 12:30:00', 210, 'outbound'),
(278, 'AIR2277', 'HND', '東京', 'TPE', '台北', 'HND-TPE', '2025-08-30 17:00:00', '2025-08-30 19:30:00', 210, 'inbound'),
(279, 'AIR2278', 'TPE', '台北', 'KIX', '大阪', 'TPE-KIX', '2025-08-30 08:00:00', '2025-08-30 12:00:00', 180, 'outbound'),
(280, 'AIR2279', 'KIX', '大阪', 'TPE', '台北', 'KIX-TPE', '2025-08-30 17:00:00', '2025-08-30 19:00:00', 180, 'inbound'),
(281, 'AIR2280', 'TPE', '台北', 'CTS', '北海道', 'TPE-CTS', '2025-08-30 08:00:00', '2025-08-30 13:00:00', 240, 'outbound'),
(282, 'AIR2281', 'CTS', '北海道', 'TPE', '台北', 'CTS-TPE', '2025-08-30 17:00:00', '2025-08-30 20:00:00', 240, 'inbound'),
(283, 'AIR2282', 'TPE', '台北', 'HND', '東京', 'TPE-HND', '2025-08-31 08:00:00', '2025-08-31 12:30:00', 210, 'outbound'),
(284, 'AIR2283', 'HND', '東京', 'TPE', '台北', 'HND-TPE', '2025-08-31 17:00:00', '2025-08-31 19:30:00', 210, 'inbound'),
(285, 'AIR2284', 'TPE', '台北', 'KIX', '大阪', 'TPE-KIX', '2025-08-31 08:00:00', '2025-08-31 12:00:00', 180, 'outbound'),
(286, 'AIR2285', 'KIX', '大阪', 'TPE', '台北', 'KIX-TPE', '2025-08-31 17:00:00', '2025-08-31 19:00:00', 180, 'inbound'),
(287, 'AIR2286', 'TPE', '台北', 'CTS', '北海道', 'TPE-CTS', '2025-08-31 08:00:00', '2025-08-31 13:00:00', 240, 'outbound'),
(288, 'AIR2287', 'CTS', '北海道', 'TPE', '台北', 'CTS-TPE', '2025-08-31 17:00:00', '2025-08-31 20:00:00', 240, 'inbound'),
(289, 'AIR2288', 'TPE', '台北', 'HND', '東京', 'TPE-HND', '2025-09-01 08:00:00', '2025-09-01 12:30:00', 210, 'outbound'),
(290, 'AIR2289', 'HND', '東京', 'TPE', '台北', 'HND-TPE', '2025-09-01 17:00:00', '2025-09-01 19:30:00', 210, 'inbound'),
(291, 'AIR2290', 'TPE', '台北', 'KIX', '大阪', 'TPE-KIX', '2025-09-01 08:00:00', '2025-09-01 12:00:00', 180, 'outbound'),
(292, 'AIR2291', 'KIX', '大阪', 'TPE', '台北', 'KIX-TPE', '2025-09-01 17:00:00', '2025-09-01 19:00:00', 180, 'inbound'),
(293, 'AIR2292', 'TPE', '台北', 'CTS', '北海道', 'TPE-CTS', '2025-09-01 08:00:00', '2025-09-01 13:00:00', 240, 'outbound'),
(294, 'AIR2293', 'CTS', '北海道', 'TPE', '台北', 'CTS-TPE', '2025-09-01 17:00:00', '2025-09-01 20:00:00', 240, 'inbound'),
(295, 'AIR2294', 'TPE', '台北', 'HND', '東京', 'TPE-HND', '2025-09-02 08:00:00', '2025-09-02 12:30:00', 210, 'outbound'),
(296, 'AIR2295', 'HND', '東京', 'TPE', '台北', 'HND-TPE', '2025-09-02 17:00:00', '2025-09-02 19:30:00', 210, 'inbound'),
(297, 'AIR2296', 'TPE', '台北', 'KIX', '大阪', 'TPE-KIX', '2025-09-02 08:00:00', '2025-09-02 12:00:00', 180, 'outbound'),
(298, 'AIR2297', 'KIX', '大阪', 'TPE', '台北', 'KIX-TPE', '2025-09-02 17:00:00', '2025-09-02 19:00:00', 180, 'inbound'),
(299, 'AIR2298', 'TPE', '台北', 'CTS', '北海道', 'TPE-CTS', '2025-09-02 08:00:00', '2025-09-02 13:00:00', 240, 'outbound'),
(300, 'AIR2299', 'CTS', '北海道', 'TPE', '台北', 'CTS-TPE', '2025-09-02 17:00:00', '2025-09-02 20:00:00', 240, 'inbound'),
(301, 'AIR2300', 'TPE', '台北', 'HND', '東京', 'TPE-HND', '2025-09-03 08:00:00', '2025-09-03 12:30:00', 210, 'outbound'),
(302, 'AIR2301', 'HND', '東京', 'TPE', '台北', 'HND-TPE', '2025-09-03 17:00:00', '2025-09-03 19:30:00', 210, 'inbound'),
(303, 'AIR2302', 'TPE', '台北', 'KIX', '大阪', 'TPE-KIX', '2025-09-03 08:00:00', '2025-09-03 12:00:00', 180, 'outbound'),
(304, 'AIR2303', 'KIX', '大阪', 'TPE', '台北', 'KIX-TPE', '2025-09-03 17:00:00', '2025-09-03 19:00:00', 180, 'inbound'),
(305, 'AIR2304', 'TPE', '台北', 'CTS', '北海道', 'TPE-CTS', '2025-09-03 08:00:00', '2025-09-03 13:00:00', 240, 'outbound'),
(306, 'AIR2305', 'CTS', '北海道', 'TPE', '台北', 'CTS-TPE', '2025-09-03 17:00:00', '2025-09-03 20:00:00', 240, 'inbound'),
(307, 'AIR2306', 'TPE', '台北', 'HND', '東京', 'TPE-HND', '2025-09-04 08:00:00', '2025-09-04 12:30:00', 210, 'outbound'),
(308, 'AIR2307', 'HND', '東京', 'TPE', '台北', 'HND-TPE', '2025-09-04 17:00:00', '2025-09-04 19:30:00', 210, 'inbound'),
(309, 'AIR2308', 'TPE', '台北', 'KIX', '大阪', 'TPE-KIX', '2025-09-04 08:00:00', '2025-09-04 12:00:00', 180, 'outbound'),
(310, 'AIR2309', 'KIX', '大阪', 'TPE', '台北', 'KIX-TPE', '2025-09-04 17:00:00', '2025-09-04 19:00:00', 180, 'inbound'),
(311, 'AIR2310', 'TPE', '台北', 'CTS', '北海道', 'TPE-CTS', '2025-09-04 08:00:00', '2025-09-04 13:00:00', 240, 'outbound'),
(312, 'AIR2311', 'CTS', '北海道', 'TPE', '台北', 'CTS-TPE', '2025-09-04 17:00:00', '2025-09-04 20:00:00', 240, 'inbound'),
(313, 'AIR2312', 'TPE', '台北', 'HND', '東京', 'TPE-HND', '2025-09-05 08:00:00', '2025-09-05 12:30:00', 210, 'outbound'),
(314, 'AIR2313', 'HND', '東京', 'TPE', '台北', 'HND-TPE', '2025-09-05 17:00:00', '2025-09-05 19:30:00', 210, 'inbound'),
(315, 'AIR2314', 'TPE', '台北', 'KIX', '大阪', 'TPE-KIX', '2025-09-05 08:00:00', '2025-09-05 12:00:00', 180, 'outbound'),
(316, 'AIR2315', 'KIX', '大阪', 'TPE', '台北', 'KIX-TPE', '2025-09-05 17:00:00', '2025-09-05 19:00:00', 180, 'inbound'),
(317, 'AIR2316', 'TPE', '台北', 'CTS', '北海道', 'TPE-CTS', '2025-09-05 08:00:00', '2025-09-05 13:00:00', 240, 'outbound'),
(318, 'AIR2317', 'CTS', '北海道', 'TPE', '台北', 'CTS-TPE', '2025-09-05 17:00:00', '2025-09-05 20:00:00', 240, 'inbound'),
(319, 'AIR2318', 'TPE', '台北', 'HND', '東京', 'TPE-HND', '2025-09-06 08:00:00', '2025-09-06 12:30:00', 210, 'outbound'),
(320, 'AIR2319', 'HND', '東京', 'TPE', '台北', 'HND-TPE', '2025-09-06 17:00:00', '2025-09-06 19:30:00', 210, 'inbound'),
(321, 'AIR2320', 'TPE', '台北', 'KIX', '大阪', 'TPE-KIX', '2025-09-06 08:00:00', '2025-09-06 12:00:00', 180, 'outbound'),
(322, 'AIR2321', 'KIX', '大阪', 'TPE', '台北', 'KIX-TPE', '2025-09-06 17:00:00', '2025-09-06 19:00:00', 180, 'inbound'),
(323, 'AIR2322', 'TPE', '台北', 'CTS', '北海道', 'TPE-CTS', '2025-09-06 08:00:00', '2025-09-06 13:00:00', 240, 'outbound'),
(324, 'AIR2323', 'CTS', '北海道', 'TPE', '台北', 'CTS-TPE', '2025-09-06 17:00:00', '2025-09-06 20:00:00', 240, 'inbound'),
(325, 'AIR2324', 'TPE', '台北', 'HND', '東京', 'TPE-HND', '2025-09-07 08:00:00', '2025-09-07 12:30:00', 210, 'outbound'),
(326, 'AIR2325', 'HND', '東京', 'TPE', '台北', 'HND-TPE', '2025-09-07 17:00:00', '2025-09-07 19:30:00', 210, 'inbound'),
(327, 'AIR2326', 'TPE', '台北', 'KIX', '大阪', 'TPE-KIX', '2025-09-07 08:00:00', '2025-09-07 12:00:00', 180, 'outbound'),
(328, 'AIR2327', 'KIX', '大阪', 'TPE', '台北', 'KIX-TPE', '2025-09-07 17:00:00', '2025-09-07 19:00:00', 180, 'inbound'),
(329, 'AIR2328', 'TPE', '台北', 'CTS', '北海道', 'TPE-CTS', '2025-09-07 08:00:00', '2025-09-07 13:00:00', 240, 'outbound'),
(330, 'AIR2329', 'CTS', '北海道', 'TPE', '台北', 'CTS-TPE', '2025-09-07 17:00:00', '2025-09-07 20:00:00', 240, 'inbound'),
(331, 'AIR2330', 'TPE', '台北', 'HND', '東京', 'TPE-HND', '2025-09-08 08:00:00', '2025-09-08 12:30:00', 210, 'outbound'),
(332, 'AIR2331', 'HND', '東京', 'TPE', '台北', 'HND-TPE', '2025-09-08 17:00:00', '2025-09-08 19:30:00', 210, 'inbound'),
(333, 'AIR2332', 'TPE', '台北', 'KIX', '大阪', 'TPE-KIX', '2025-09-08 08:00:00', '2025-09-08 12:00:00', 180, 'outbound'),
(334, 'AIR2333', 'KIX', '大阪', 'TPE', '台北', 'KIX-TPE', '2025-09-08 17:00:00', '2025-09-08 19:00:00', 180, 'inbound'),
(335, 'AIR2334', 'TPE', '台北', 'CTS', '北海道', 'TPE-CTS', '2025-09-08 08:00:00', '2025-09-08 13:00:00', 240, 'outbound'),
(336, 'AIR2335', 'CTS', '北海道', 'TPE', '台北', 'CTS-TPE', '2025-09-08 17:00:00', '2025-09-08 20:00:00', 240, 'inbound'),
(337, 'AIR2336', 'TPE', '台北', 'HND', '東京', 'TPE-HND', '2025-09-09 08:00:00', '2025-09-09 12:30:00', 210, 'outbound'),
(338, 'AIR2337', 'HND', '東京', 'TPE', '台北', 'HND-TPE', '2025-09-09 17:00:00', '2025-09-09 19:30:00', 210, 'inbound'),
(339, 'AIR2338', 'TPE', '台北', 'KIX', '大阪', 'TPE-KIX', '2025-09-09 08:00:00', '2025-09-09 12:00:00', 180, 'outbound'),
(340, 'AIR2339', 'KIX', '大阪', 'TPE', '台北', 'KIX-TPE', '2025-09-09 17:00:00', '2025-09-09 19:00:00', 180, 'inbound'),
(341, 'AIR2340', 'TPE', '台北', 'CTS', '北海道', 'TPE-CTS', '2025-09-09 08:00:00', '2025-09-09 13:00:00', 240, 'outbound'),
(342, 'AIR2341', 'CTS', '北海道', 'TPE', '台北', 'CTS-TPE', '2025-09-09 17:00:00', '2025-09-09 20:00:00', 240, 'inbound'),
(343, 'AIR2342', 'TPE', '台北', 'HND', '東京', 'TPE-HND', '2025-09-10 08:00:00', '2025-09-10 12:30:00', 210, 'outbound'),
(344, 'AIR2343', 'HND', '東京', 'TPE', '台北', 'HND-TPE', '2025-09-10 17:00:00', '2025-09-10 19:30:00', 210, 'inbound'),
(345, 'AIR2344', 'TPE', '台北', 'KIX', '大阪', 'TPE-KIX', '2025-09-10 08:00:00', '2025-09-10 12:00:00', 180, 'outbound'),
(346, 'AIR2345', 'KIX', '大阪', 'TPE', '台北', 'KIX-TPE', '2025-09-10 17:00:00', '2025-09-10 19:00:00', 180, 'inbound'),
(347, 'AIR2346', 'TPE', '台北', 'CTS', '北海道', 'TPE-CTS', '2025-09-10 08:00:00', '2025-09-10 13:00:00', 240, 'outbound'),
(348, 'AIR2347', 'CTS', '北海道', 'TPE', '台北', 'CTS-TPE', '2025-09-10 17:00:00', '2025-09-10 20:00:00', 240, 'inbound'),
(349, 'AIR2348', 'TPE', '台北', 'HND', '東京', 'TPE-HND', '2025-09-11 08:00:00', '2025-09-11 12:30:00', 210, 'outbound'),
(350, 'AIR2349', 'HND', '東京', 'TPE', '台北', 'HND-TPE', '2025-09-11 17:00:00', '2025-09-11 19:30:00', 210, 'inbound'),
(351, 'AIR2350', 'TPE', '台北', 'KIX', '大阪', 'TPE-KIX', '2025-09-11 08:00:00', '2025-09-11 12:00:00', 180, 'outbound'),
(352, 'AIR2351', 'KIX', '大阪', 'TPE', '台北', 'KIX-TPE', '2025-09-11 17:00:00', '2025-09-11 19:00:00', 180, 'inbound'),
(353, 'AIR2352', 'TPE', '台北', 'CTS', '北海道', 'TPE-CTS', '2025-09-11 08:00:00', '2025-09-11 13:00:00', 240, 'outbound'),
(354, 'AIR2353', 'CTS', '北海道', 'TPE', '台北', 'CTS-TPE', '2025-09-11 17:00:00', '2025-09-11 20:00:00', 240, 'inbound'),
(355, 'AIR2354', 'TPE', '台北', 'HND', '東京', 'TPE-HND', '2025-09-12 08:00:00', '2025-09-12 12:30:00', 210, 'outbound'),
(356, 'AIR2355', 'HND', '東京', 'TPE', '台北', 'HND-TPE', '2025-09-12 17:00:00', '2025-09-12 19:30:00', 210, 'inbound'),
(357, 'AIR2356', 'TPE', '台北', 'KIX', '大阪', 'TPE-KIX', '2025-09-12 08:00:00', '2025-09-12 12:00:00', 180, 'outbound'),
(358, 'AIR2357', 'KIX', '大阪', 'TPE', '台北', 'KIX-TPE', '2025-09-12 17:00:00', '2025-09-12 19:00:00', 180, 'inbound'),
(359, 'AIR2358', 'TPE', '台北', 'CTS', '北海道', 'TPE-CTS', '2025-09-12 08:00:00', '2025-09-12 13:00:00', 240, 'outbound'),
(360, 'AIR2359', 'CTS', '北海道', 'TPE', '台北', 'CTS-TPE', '2025-09-12 17:00:00', '2025-09-12 20:00:00', 240, 'inbound'),
(361, 'AIR2360', 'TPE', '台北', 'HND', '東京', 'TPE-HND', '2025-09-13 08:00:00', '2025-09-13 12:30:00', 210, 'outbound'),
(362, 'AIR2361', 'HND', '東京', 'TPE', '台北', 'HND-TPE', '2025-09-13 17:00:00', '2025-09-13 19:30:00', 210, 'inbound'),
(363, 'AIR2362', 'TPE', '台北', 'KIX', '大阪', 'TPE-KIX', '2025-09-13 08:00:00', '2025-09-13 12:00:00', 180, 'outbound'),
(364, 'AIR2363', 'KIX', '大阪', 'TPE', '台北', 'KIX-TPE', '2025-09-13 17:00:00', '2025-09-13 19:00:00', 180, 'inbound'),
(365, 'AIR2364', 'TPE', '台北', 'CTS', '北海道', 'TPE-CTS', '2025-09-13 08:00:00', '2025-09-13 13:00:00', 240, 'outbound'),
(366, 'AIR2365', 'CTS', '北海道', 'TPE', '台北', 'CTS-TPE', '2025-09-13 17:00:00', '2025-09-13 20:00:00', 240, 'inbound'),
(367, 'AIR2366', 'TPE', '台北', 'HND', '東京', 'TPE-HND', '2025-09-14 08:00:00', '2025-09-14 12:30:00', 210, 'outbound'),
(368, 'AIR2367', 'HND', '東京', 'TPE', '台北', 'HND-TPE', '2025-09-14 17:00:00', '2025-09-14 19:30:00', 210, 'inbound'),
(369, 'AIR2368', 'TPE', '台北', 'KIX', '大阪', 'TPE-KIX', '2025-09-14 08:00:00', '2025-09-14 12:00:00', 180, 'outbound'),
(370, 'AIR2369', 'KIX', '大阪', 'TPE', '台北', 'KIX-TPE', '2025-09-14 17:00:00', '2025-09-14 19:00:00', 180, 'inbound'),
(371, 'AIR2370', 'TPE', '台北', 'CTS', '北海道', 'TPE-CTS', '2025-09-14 08:00:00', '2025-09-14 13:00:00', 240, 'outbound'),
(372, 'AIR2371', 'CTS', '北海道', 'TPE', '台北', 'CTS-TPE', '2025-09-14 17:00:00', '2025-09-14 20:00:00', 240, 'inbound'),
(373, 'AIR2372', 'TPE', '台北', 'HND', '東京', 'TPE-HND', '2025-09-15 08:00:00', '2025-09-15 12:30:00', 210, 'outbound'),
(374, 'AIR2373', 'HND', '東京', 'TPE', '台北', 'HND-TPE', '2025-09-15 17:00:00', '2025-09-15 19:30:00', 210, 'inbound'),
(375, 'AIR2374', 'TPE', '台北', 'KIX', '大阪', 'TPE-KIX', '2025-09-15 08:00:00', '2025-09-15 12:00:00', 180, 'outbound'),
(376, 'AIR2375', 'KIX', '大阪', 'TPE', '台北', 'KIX-TPE', '2025-09-15 17:00:00', '2025-09-15 19:00:00', 180, 'inbound'),
(377, 'AIR2376', 'TPE', '台北', 'CTS', '北海道', 'TPE-CTS', '2025-09-15 08:00:00', '2025-09-15 13:00:00', 240, 'outbound'),
(378, 'AIR2377', 'CTS', '北海道', 'TPE', '台北', 'CTS-TPE', '2025-09-15 17:00:00', '2025-09-15 20:00:00', 240, 'inbound'),
(379, 'AIR2378', 'TPE', '台北', 'HND', '東京', 'TPE-HND', '2025-09-16 08:00:00', '2025-09-16 12:30:00', 210, 'outbound'),
(380, 'AIR2379', 'HND', '東京', 'TPE', '台北', 'HND-TPE', '2025-09-16 17:00:00', '2025-09-16 19:30:00', 210, 'inbound'),
(381, 'AIR2380', 'TPE', '台北', 'KIX', '大阪', 'TPE-KIX', '2025-09-16 08:00:00', '2025-09-16 12:00:00', 180, 'outbound'),
(382, 'AIR2381', 'KIX', '大阪', 'TPE', '台北', 'KIX-TPE', '2025-09-16 17:00:00', '2025-09-16 19:00:00', 180, 'inbound'),
(383, 'AIR2382', 'TPE', '台北', 'CTS', '北海道', 'TPE-CTS', '2025-09-16 08:00:00', '2025-09-16 13:00:00', 240, 'outbound'),
(384, 'AIR2383', 'CTS', '北海道', 'TPE', '台北', 'CTS-TPE', '2025-09-16 17:00:00', '2025-09-16 20:00:00', 240, 'inbound'),
(385, 'AIR2384', 'TPE', '台北', 'HND', '東京', 'TPE-HND', '2025-09-17 08:00:00', '2025-09-17 12:30:00', 210, 'outbound'),
(386, 'AIR2385', 'HND', '東京', 'TPE', '台北', 'HND-TPE', '2025-09-17 17:00:00', '2025-09-17 19:30:00', 210, 'inbound'),
(387, 'AIR2386', 'TPE', '台北', 'KIX', '大阪', 'TPE-KIX', '2025-09-17 08:00:00', '2025-09-17 12:00:00', 180, 'outbound'),
(388, 'AIR2387', 'KIX', '大阪', 'TPE', '台北', 'KIX-TPE', '2025-09-17 17:00:00', '2025-09-17 19:00:00', 180, 'inbound'),
(389, 'AIR2388', 'TPE', '台北', 'CTS', '北海道', 'TPE-CTS', '2025-09-17 08:00:00', '2025-09-17 13:00:00', 240, 'outbound'),
(390, 'AIR2389', 'CTS', '北海道', 'TPE', '台北', 'CTS-TPE', '2025-09-17 17:00:00', '2025-09-17 20:00:00', 240, 'inbound'),
(391, 'AIR2390', 'TPE', '台北', 'HND', '東京', 'TPE-HND', '2025-09-18 08:00:00', '2025-09-18 12:30:00', 210, 'outbound'),
(392, 'AIR2391', 'HND', '東京', 'TPE', '台北', 'HND-TPE', '2025-09-18 17:00:00', '2025-09-18 19:30:00', 210, 'inbound'),
(393, 'AIR2392', 'TPE', '台北', 'KIX', '大阪', 'TPE-KIX', '2025-09-18 08:00:00', '2025-09-18 12:00:00', 180, 'outbound'),
(394, 'AIR2393', 'KIX', '大阪', 'TPE', '台北', 'KIX-TPE', '2025-09-18 17:00:00', '2025-09-18 19:00:00', 180, 'inbound'),
(395, 'AIR2394', 'TPE', '台北', 'CTS', '北海道', 'TPE-CTS', '2025-09-18 08:00:00', '2025-09-18 13:00:00', 240, 'outbound'),
(396, 'AIR2395', 'CTS', '北海道', 'TPE', '台北', 'CTS-TPE', '2025-09-18 17:00:00', '2025-09-18 20:00:00', 240, 'inbound'),
(397, 'AIR2396', 'TPE', '台北', 'HND', '東京', 'TPE-HND', '2025-09-19 08:00:00', '2025-09-19 12:30:00', 210, 'outbound'),
(398, 'AIR2397', 'HND', '東京', 'TPE', '台北', 'HND-TPE', '2025-09-19 17:00:00', '2025-09-19 19:30:00', 210, 'inbound'),
(399, 'AIR2398', 'TPE', '台北', 'KIX', '大阪', 'TPE-KIX', '2025-09-19 08:00:00', '2025-09-19 12:00:00', 180, 'outbound'),
(400, 'AIR2399', 'KIX', '大阪', 'TPE', '台北', 'KIX-TPE', '2025-09-19 17:00:00', '2025-09-19 19:00:00', 180, 'inbound'),
(401, 'AIR2400', 'TPE', '台北', 'CTS', '北海道', 'TPE-CTS', '2025-09-19 08:00:00', '2025-09-19 13:00:00', 240, 'outbound'),
(402, 'AIR2401', 'CTS', '北海道', 'TPE', '台北', 'CTS-TPE', '2025-09-19 17:00:00', '2025-09-19 20:00:00', 240, 'inbound'),
(403, 'AIR2402', 'TPE', '台北', 'HND', '東京', 'TPE-HND', '2025-09-20 08:00:00', '2025-09-20 12:30:00', 210, 'outbound'),
(404, 'AIR2403', 'HND', '東京', 'TPE', '台北', 'HND-TPE', '2025-09-20 17:00:00', '2025-09-20 19:30:00', 210, 'inbound'),
(405, 'AIR2404', 'TPE', '台北', 'KIX', '大阪', 'TPE-KIX', '2025-09-20 08:00:00', '2025-09-20 12:00:00', 180, 'outbound'),
(406, 'AIR2405', 'KIX', '大阪', 'TPE', '台北', 'KIX-TPE', '2025-09-20 17:00:00', '2025-09-20 19:00:00', 180, 'inbound'),
(407, 'AIR2406', 'TPE', '台北', 'CTS', '北海道', 'TPE-CTS', '2025-09-20 08:00:00', '2025-09-20 13:00:00', 240, 'outbound'),
(408, 'AIR2407', 'CTS', '北海道', 'TPE', '台北', 'CTS-TPE', '2025-09-20 17:00:00', '2025-09-20 20:00:00', 240, 'inbound'),
(409, 'AIR2408', 'TPE', '台北', 'HND', '東京', 'TPE-HND', '2025-09-21 08:00:00', '2025-09-21 12:30:00', 210, 'outbound'),
(410, 'AIR2409', 'HND', '東京', 'TPE', '台北', 'HND-TPE', '2025-09-21 17:00:00', '2025-09-21 19:30:00', 210, 'inbound'),
(411, 'AIR2410', 'TPE', '台北', 'KIX', '大阪', 'TPE-KIX', '2025-09-21 08:00:00', '2025-09-21 12:00:00', 180, 'outbound'),
(412, 'AIR2411', 'KIX', '大阪', 'TPE', '台北', 'KIX-TPE', '2025-09-21 17:00:00', '2025-09-21 19:00:00', 180, 'inbound'),
(413, 'AIR2412', 'TPE', '台北', 'CTS', '北海道', 'TPE-CTS', '2025-09-21 08:00:00', '2025-09-21 13:00:00', 240, 'outbound'),
(414, 'AIR2413', 'CTS', '北海道', 'TPE', '台北', 'CTS-TPE', '2025-09-21 17:00:00', '2025-09-21 20:00:00', 240, 'inbound'),
(415, 'AIR2414', 'TPE', '台北', 'HND', '東京', 'TPE-HND', '2025-09-22 08:00:00', '2025-09-22 12:30:00', 210, 'outbound'),
(416, 'AIR2415', 'HND', '東京', 'TPE', '台北', 'HND-TPE', '2025-09-22 17:00:00', '2025-09-22 19:30:00', 210, 'inbound'),
(417, 'AIR2416', 'TPE', '台北', 'KIX', '大阪', 'TPE-KIX', '2025-09-22 08:00:00', '2025-09-22 12:00:00', 180, 'outbound'),
(418, 'AIR2417', 'KIX', '大阪', 'TPE', '台北', 'KIX-TPE', '2025-09-22 17:00:00', '2025-09-22 19:00:00', 180, 'inbound'),
(419, 'AIR2418', 'TPE', '台北', 'CTS', '北海道', 'TPE-CTS', '2025-09-22 08:00:00', '2025-09-22 13:00:00', 240, 'outbound'),
(420, 'AIR2419', 'CTS', '北海道', 'TPE', '台北', 'CTS-TPE', '2025-09-22 17:00:00', '2025-09-22 20:00:00', 240, 'inbound'),
(421, 'AIR2420', 'TPE', '台北', 'HND', '東京', 'TPE-HND', '2025-09-23 08:00:00', '2025-09-23 12:30:00', 210, 'outbound'),
(422, 'AIR2421', 'HND', '東京', 'TPE', '台北', 'HND-TPE', '2025-09-23 17:00:00', '2025-09-23 19:30:00', 210, 'inbound'),
(423, 'AIR2422', 'TPE', '台北', 'KIX', '大阪', 'TPE-KIX', '2025-09-23 08:00:00', '2025-09-23 12:00:00', 180, 'outbound'),
(424, 'AIR2423', 'KIX', '大阪', 'TPE', '台北', 'KIX-TPE', '2025-09-23 17:00:00', '2025-09-23 19:00:00', 180, 'inbound'),
(425, 'AIR2424', 'TPE', '台北', 'CTS', '北海道', 'TPE-CTS', '2025-09-23 08:00:00', '2025-09-23 13:00:00', 240, 'outbound'),
(426, 'AIR2425', 'CTS', '北海道', 'TPE', '台北', 'CTS-TPE', '2025-09-23 17:00:00', '2025-09-23 20:00:00', 240, 'inbound'),
(427, 'AIR2426', 'TPE', '台北', 'HND', '東京', 'TPE-HND', '2025-09-24 08:00:00', '2025-09-24 12:30:00', 210, 'outbound'),
(428, 'AIR2427', 'HND', '東京', 'TPE', '台北', 'HND-TPE', '2025-09-24 17:00:00', '2025-09-24 19:30:00', 210, 'inbound'),
(429, 'AIR2428', 'TPE', '台北', 'KIX', '大阪', 'TPE-KIX', '2025-09-24 08:00:00', '2025-09-24 12:00:00', 180, 'outbound'),
(430, 'AIR2429', 'KIX', '大阪', 'TPE', '台北', 'KIX-TPE', '2025-09-24 17:00:00', '2025-09-24 19:00:00', 180, 'inbound');
INSERT INTO `flights` (`id`, `flight_no`, `from_airport`, `from_airport_name`, `to_airport`, `to_airport_name`, `routes`, `departure_time`, `arrival_time`, `duration`, `direction`) VALUES
(431, 'AIR2430', 'TPE', '台北', 'CTS', '北海道', 'TPE-CTS', '2025-09-24 08:00:00', '2025-09-24 13:00:00', 240, 'outbound'),
(432, 'AIR2431', 'CTS', '北海道', 'TPE', '台北', 'CTS-TPE', '2025-09-24 17:00:00', '2025-09-24 20:00:00', 240, 'inbound'),
(433, 'AIR2432', 'TPE', '台北', 'HND', '東京', 'TPE-HND', '2025-09-25 08:00:00', '2025-09-25 12:30:00', 210, 'outbound'),
(434, 'AIR2433', 'HND', '東京', 'TPE', '台北', 'HND-TPE', '2025-09-25 17:00:00', '2025-09-25 19:30:00', 210, 'inbound'),
(435, 'AIR2434', 'TPE', '台北', 'KIX', '大阪', 'TPE-KIX', '2025-09-25 08:00:00', '2025-09-25 12:00:00', 180, 'outbound'),
(436, 'AIR2435', 'KIX', '大阪', 'TPE', '台北', 'KIX-TPE', '2025-09-25 17:00:00', '2025-09-25 19:00:00', 180, 'inbound'),
(437, 'AIR2436', 'TPE', '台北', 'CTS', '北海道', 'TPE-CTS', '2025-09-25 08:00:00', '2025-09-25 13:00:00', 240, 'outbound'),
(438, 'AIR2437', 'CTS', '北海道', 'TPE', '台北', 'CTS-TPE', '2025-09-25 17:00:00', '2025-09-25 20:00:00', 240, 'inbound'),
(439, 'AIR2438', 'TPE', '台北', 'HND', '東京', 'TPE-HND', '2025-09-26 08:00:00', '2025-09-26 12:30:00', 210, 'outbound'),
(440, 'AIR2439', 'HND', '東京', 'TPE', '台北', 'HND-TPE', '2025-09-26 17:00:00', '2025-09-26 19:30:00', 210, 'inbound'),
(441, 'AIR2440', 'TPE', '台北', 'KIX', '大阪', 'TPE-KIX', '2025-09-26 08:00:00', '2025-09-26 12:00:00', 180, 'outbound'),
(442, 'AIR2441', 'KIX', '大阪', 'TPE', '台北', 'KIX-TPE', '2025-09-26 17:00:00', '2025-09-26 19:00:00', 180, 'inbound'),
(443, 'AIR2442', 'TPE', '台北', 'CTS', '北海道', 'TPE-CTS', '2025-09-26 08:00:00', '2025-09-26 13:00:00', 240, 'outbound'),
(444, 'AIR2443', 'CTS', '北海道', 'TPE', '台北', 'CTS-TPE', '2025-09-26 17:00:00', '2025-09-26 20:00:00', 240, 'inbound'),
(445, 'AIR2444', 'TPE', '台北', 'HND', '東京', 'TPE-HND', '2025-09-27 08:00:00', '2025-09-27 12:30:00', 210, 'outbound'),
(446, 'AIR2445', 'HND', '東京', 'TPE', '台北', 'HND-TPE', '2025-09-27 17:00:00', '2025-09-27 19:30:00', 210, 'inbound'),
(447, 'AIR2446', 'TPE', '台北', 'KIX', '大阪', 'TPE-KIX', '2025-09-27 08:00:00', '2025-09-27 12:00:00', 180, 'outbound'),
(448, 'AIR2447', 'KIX', '大阪', 'TPE', '台北', 'KIX-TPE', '2025-09-27 17:00:00', '2025-09-27 19:00:00', 180, 'inbound'),
(449, 'AIR2448', 'TPE', '台北', 'CTS', '北海道', 'TPE-CTS', '2025-09-27 08:00:00', '2025-09-27 13:00:00', 240, 'outbound'),
(450, 'AIR2449', 'CTS', '北海道', 'TPE', '台北', 'CTS-TPE', '2025-09-27 17:00:00', '2025-09-27 20:00:00', 240, 'inbound'),
(451, 'AIR2450', 'TPE', '台北', 'HND', '東京', 'TPE-HND', '2025-09-28 08:00:00', '2025-09-28 12:30:00', 210, 'outbound'),
(452, 'AIR2451', 'HND', '東京', 'TPE', '台北', 'HND-TPE', '2025-09-28 17:00:00', '2025-09-28 19:30:00', 210, 'inbound'),
(453, 'AIR2452', 'TPE', '台北', 'KIX', '大阪', 'TPE-KIX', '2025-09-28 08:00:00', '2025-09-28 12:00:00', 180, 'outbound'),
(454, 'AIR2453', 'KIX', '大阪', 'TPE', '台北', 'KIX-TPE', '2025-09-28 17:00:00', '2025-09-28 19:00:00', 180, 'inbound'),
(455, 'AIR2454', 'TPE', '台北', 'CTS', '北海道', 'TPE-CTS', '2025-09-28 08:00:00', '2025-09-28 13:00:00', 240, 'outbound'),
(456, 'AIR2455', 'CTS', '北海道', 'TPE', '台北', 'CTS-TPE', '2025-09-28 17:00:00', '2025-09-28 20:00:00', 240, 'inbound'),
(457, 'AIR2456', 'TPE', '台北', 'HND', '東京', 'TPE-HND', '2025-09-29 08:00:00', '2025-09-29 12:30:00', 210, 'outbound'),
(458, 'AIR2457', 'HND', '東京', 'TPE', '台北', 'HND-TPE', '2025-09-29 17:00:00', '2025-09-29 19:30:00', 210, 'inbound'),
(459, 'AIR2458', 'TPE', '台北', 'KIX', '大阪', 'TPE-KIX', '2025-09-29 08:00:00', '2025-09-29 12:00:00', 180, 'outbound'),
(460, 'AIR2459', 'KIX', '大阪', 'TPE', '台北', 'KIX-TPE', '2025-09-29 17:00:00', '2025-09-29 19:00:00', 180, 'inbound'),
(461, 'AIR2460', 'TPE', '台北', 'CTS', '北海道', 'TPE-CTS', '2025-09-29 08:00:00', '2025-09-29 13:00:00', 240, 'outbound'),
(462, 'AIR2461', 'CTS', '北海道', 'TPE', '台北', 'CTS-TPE', '2025-09-29 17:00:00', '2025-09-29 20:00:00', 240, 'inbound'),
(463, 'AIR2462', 'TPE', '台北', 'HND', '東京', 'TPE-HND', '2025-09-30 08:00:00', '2025-09-30 12:30:00', 210, 'outbound'),
(464, 'AIR2463', 'HND', '東京', 'TPE', '台北', 'HND-TPE', '2025-09-30 17:00:00', '2025-09-30 19:30:00', 210, 'inbound'),
(465, 'AIR2464', 'TPE', '台北', 'KIX', '大阪', 'TPE-KIX', '2025-09-30 08:00:00', '2025-09-30 12:00:00', 180, 'outbound'),
(466, 'AIR2465', 'KIX', '大阪', 'TPE', '台北', 'KIX-TPE', '2025-09-30 17:00:00', '2025-09-30 19:00:00', 180, 'inbound'),
(467, 'AIR2466', 'TPE', '台北', 'CTS', '北海道', 'TPE-CTS', '2025-09-30 08:00:00', '2025-09-30 13:00:00', 240, 'outbound'),
(468, 'AIR2467', 'CTS', '北海道', 'TPE', '台北', 'CTS-TPE', '2025-09-30 17:00:00', '2025-09-30 20:00:00', 240, 'inbound'),
(469, 'AIR2468', 'TPE', '台北', 'HND', '東京', 'TPE-HND', '2025-10-01 08:00:00', '2025-10-01 12:30:00', 210, 'outbound'),
(470, 'AIR2469', 'HND', '東京', 'TPE', '台北', 'HND-TPE', '2025-10-01 17:00:00', '2025-10-01 19:30:00', 210, 'inbound'),
(471, 'AIR2470', 'TPE', '台北', 'KIX', '大阪', 'TPE-KIX', '2025-10-01 08:00:00', '2025-10-01 12:00:00', 180, 'outbound'),
(472, 'AIR2471', 'KIX', '大阪', 'TPE', '台北', 'KIX-TPE', '2025-10-01 17:00:00', '2025-10-01 19:00:00', 180, 'inbound'),
(473, 'AIR2472', 'TPE', '台北', 'CTS', '北海道', 'TPE-CTS', '2025-10-01 08:00:00', '2025-10-01 13:00:00', 240, 'outbound'),
(474, 'AIR2473', 'CTS', '北海道', 'TPE', '台北', 'CTS-TPE', '2025-10-01 17:00:00', '2025-10-01 20:00:00', 240, 'inbound');

-- --------------------------------------------------------

--
-- 資料表結構 `flight_classes`
--

CREATE TABLE `flight_classes` (
  `id` int(11) NOT NULL,
  `flight_id` int(11) DEFAULT NULL,
  `class_type` enum('economy','business') DEFAULT NULL,
  `price` int(11) DEFAULT NULL,
  `seats_available` int(11) DEFAULT NULL
) ENGINE=InnoDB DEFAULT CHARSET=utf8mb4 COLLATE=utf8mb4_general_ci;

--
-- 傾印資料表的資料 `flight_classes`
--

INSERT INTO `flight_classes` (`id`, `flight_id`, `class_type`, `price`, `seats_available`) VALUES
(1, 1, 'economy', 6088, 30),
(2, 1, 'business', 10149, 30),
(3, 2, 'economy', 6898, 30),
(4, 2, 'business', 11637, 30),
(5, 3, 'economy', 8269, 30),
(6, 3, 'business', 14894, 30),
(7, 4, 'economy', 6941, 30),
(8, 4, 'business', 13177, 30),
(9, 5, 'economy', 7322, 30),
(10, 5, 'business', 15879, 30),
(11, 6, 'economy', 8437, 30),
(12, 6, 'business', 13268, 30),
(13, 7, 'economy', 6505, 30),
(14, 7, 'business', 12978, 30),
(15, 8, 'economy', 8180, 30),
(16, 8, 'business', 9401, 30),
(17, 9, 'economy', 4468, 30),
(18, 9, 'business', 10777, 30),
(19, 10, 'economy', 7706, 30),
(20, 10, 'business', 8866, 30),
(21, 11, 'economy', 4313, 30),
(22, 11, 'business', 13746, 30),
(23, 12, 'economy', 6913, 30),
(24, 12, 'business', 12183, 30),
(25, 13, 'economy', 6595, 30),
(26, 13, 'business', 11473, 30),
(27, 14, 'economy', 7792, 30),
(28, 14, 'business', 8545, 30),
(29, 15, 'economy', 4170, 30),
(30, 15, 'business', 13291, 30),
(31, 16, 'economy', 6854, 30),
(32, 16, 'business', 9253, 30),
(33, 17, 'economy', 4328, 30),
(34, 17, 'business', 11892, 30),
(35, 18, 'economy', 7001, 30),
(36, 18, 'business', 13666, 30),
(37, 19, 'economy', 7617, 30),
(38, 19, 'business', 9560, 30),
(39, 20, 'economy', 8464, 30),
(40, 20, 'business', 9838, 30),
(41, 21, 'economy', 6630, 30),
(42, 21, 'business', 15293, 30),
(43, 22, 'economy', 5290, 30),
(44, 22, 'business', 8229, 30),
(45, 23, 'economy', 4352, 30),
(46, 23, 'business', 11642, 30),
(47, 24, 'economy', 4490, 30),
(48, 24, 'business', 13413, 30),
(49, 25, 'economy', 5771, 30),
(50, 25, 'business', 8279, 30),
(51, 26, 'economy', 4077, 30),
(52, 26, 'business', 15086, 30),
(53, 27, 'economy', 8897, 30),
(54, 27, 'business', 12963, 30),
(55, 28, 'economy', 6454, 30),
(56, 28, 'business', 11548, 30),
(57, 29, 'economy', 7741, 30),
(58, 29, 'business', 10812, 30),
(59, 30, 'economy', 4295, 30),
(60, 30, 'business', 13098, 30),
(61, 31, 'economy', 8023, 30),
(62, 31, 'business', 8576, 30),
(63, 32, 'economy', 4008, 30),
(64, 32, 'business', 9770, 30),
(65, 33, 'economy', 6795, 30),
(66, 33, 'business', 9142, 30),
(67, 34, 'economy', 7255, 30),
(68, 34, 'business', 14748, 30),
(69, 35, 'economy', 4983, 30),
(70, 35, 'business', 11108, 30),
(71, 36, 'economy', 5667, 30),
(72, 36, 'business', 15305, 30),
(73, 37, 'economy', 8319, 30),
(74, 37, 'business', 13170, 30),
(75, 38, 'economy', 4576, 30),
(76, 38, 'business', 12097, 30),
(77, 39, 'economy', 6712, 30),
(78, 39, 'business', 13352, 30),
(79, 40, 'economy', 5196, 30),
(80, 40, 'business', 14789, 30),
(81, 41, 'economy', 7730, 30),
(82, 41, 'business', 13166, 30),
(83, 42, 'economy', 4446, 30),
(84, 42, 'business', 12704, 30),
(85, 43, 'economy', 7583, 30),
(86, 43, 'business', 13158, 30),
(87, 44, 'economy', 4545, 30),
(88, 44, 'business', 10862, 30),
(89, 45, 'economy', 8179, 30),
(90, 45, 'business', 15498, 30),
(91, 46, 'economy', 7302, 30),
(92, 46, 'business', 12787, 30),
(93, 47, 'economy', 7925, 30),
(94, 47, 'business', 12504, 30),
(95, 48, 'economy', 8103, 30),
(96, 48, 'business', 11559, 30),
(97, 49, 'economy', 5418, 30),
(98, 49, 'business', 14743, 30),
(99, 50, 'economy', 4616, 30),
(100, 50, 'business', 13320, 30),
(101, 51, 'economy', 7177, 30),
(102, 51, 'business', 8547, 30),
(103, 52, 'economy', 5798, 30),
(104, 52, 'business', 9794, 30),
(105, 53, 'economy', 5839, 30),
(106, 53, 'business', 12230, 30),
(107, 54, 'economy', 7702, 30),
(108, 54, 'business', 14054, 30),
(109, 55, 'economy', 5628, 30),
(110, 55, 'business', 8395, 30),
(111, 56, 'economy', 5303, 30),
(112, 56, 'business', 15219, 30),
(113, 57, 'economy', 8233, 30),
(114, 57, 'business', 11185, 30),
(115, 58, 'economy', 4161, 30),
(116, 58, 'business', 13484, 30),
(117, 59, 'economy', 5079, 30),
(118, 59, 'business', 15986, 30),
(119, 60, 'economy', 6989, 30),
(120, 60, 'business', 14670, 30),
(121, 61, 'economy', 7877, 30),
(122, 61, 'business', 11150, 30),
(123, 62, 'economy', 6458, 30),
(124, 62, 'business', 10337, 30),
(125, 63, 'economy', 5677, 30),
(126, 63, 'business', 13265, 30),
(127, 64, 'economy', 7138, 30),
(128, 64, 'business', 12300, 30),
(129, 65, 'economy', 6464, 30),
(130, 65, 'business', 12584, 30),
(131, 66, 'economy', 7263, 30),
(132, 66, 'business', 8351, 30),
(133, 67, 'economy', 6293, 30),
(134, 67, 'business', 8191, 30),
(135, 68, 'economy', 8519, 30),
(136, 68, 'business', 14857, 30),
(137, 69, 'economy', 7921, 30),
(138, 69, 'business', 10348, 30),
(139, 70, 'economy', 6161, 30),
(140, 70, 'business', 10795, 30),
(141, 71, 'economy', 7993, 30),
(142, 71, 'business', 14833, 30),
(143, 72, 'economy', 8683, 30),
(144, 72, 'business', 8467, 30),
(145, 73, 'economy', 5753, 30),
(146, 73, 'business', 11463, 30),
(147, 74, 'economy', 4525, 30),
(148, 74, 'business', 10593, 30),
(149, 75, 'economy', 4901, 30),
(150, 75, 'business', 15755, 30),
(151, 76, 'economy', 7294, 30),
(152, 76, 'business', 12344, 30),
(153, 77, 'economy', 8525, 30),
(154, 77, 'business', 12157, 30),
(155, 78, 'economy', 6093, 30),
(156, 78, 'business', 8668, 30),
(157, 79, 'economy', 6410, 30),
(158, 79, 'business', 14598, 30),
(159, 80, 'economy', 4323, 30),
(160, 80, 'business', 9854, 30),
(161, 81, 'economy', 7587, 30),
(162, 81, 'business', 14578, 30),
(163, 82, 'economy', 6298, 30),
(164, 82, 'business', 10137, 30),
(165, 83, 'economy', 8671, 30),
(166, 83, 'business', 15350, 30),
(167, 84, 'economy', 4495, 30),
(168, 84, 'business', 8579, 30),
(169, 85, 'economy', 5011, 30),
(170, 85, 'business', 12601, 30),
(171, 86, 'economy', 6505, 30),
(172, 86, 'business', 10045, 30),
(173, 87, 'economy', 4220, 30),
(174, 87, 'business', 9438, 30),
(175, 88, 'economy', 8353, 30),
(176, 88, 'business', 12732, 30),
(177, 89, 'economy', 6964, 30),
(178, 89, 'business', 11591, 30),
(179, 90, 'economy', 8455, 30),
(180, 90, 'business', 14194, 30),
(181, 91, 'economy', 6552, 30),
(182, 91, 'business', 14895, 30),
(183, 92, 'economy', 6964, 30),
(184, 92, 'business', 14969, 30),
(185, 93, 'economy', 7636, 30),
(186, 93, 'business', 11947, 30),
(187, 94, 'economy', 6532, 30),
(188, 94, 'business', 9602, 30),
(189, 95, 'economy', 4119, 30),
(190, 95, 'business', 13141, 30),
(191, 96, 'economy', 7839, 30),
(192, 96, 'business', 11349, 30),
(193, 97, 'economy', 8696, 30),
(194, 97, 'business', 11851, 30),
(195, 98, 'economy', 6219, 30),
(196, 98, 'business', 10772, 30),
(197, 99, 'economy', 8413, 30),
(198, 99, 'business', 10507, 30),
(199, 100, 'economy', 6489, 30),
(200, 100, 'business', 14544, 30),
(201, 101, 'economy', 4576, 30),
(202, 101, 'business', 9712, 30),
(203, 102, 'economy', 4265, 30),
(204, 102, 'business', 14424, 30),
(205, 103, 'economy', 6038, 30),
(206, 103, 'business', 10086, 30),
(207, 104, 'economy', 8001, 30),
(208, 104, 'business', 9070, 30),
(209, 105, 'economy', 7500, 30),
(210, 105, 'business', 11401, 30),
(211, 106, 'economy', 7855, 30),
(212, 106, 'business', 8935, 30),
(213, 107, 'economy', 8875, 30),
(214, 107, 'business', 15372, 30),
(215, 108, 'economy', 8487, 30),
(216, 108, 'business', 15970, 30),
(217, 109, 'economy', 8923, 30),
(218, 109, 'business', 15271, 30),
(219, 110, 'economy', 5287, 30),
(220, 110, 'business', 14784, 30),
(221, 111, 'economy', 8572, 30),
(222, 111, 'business', 14707, 30),
(223, 112, 'economy', 8276, 30),
(224, 112, 'business', 8581, 30),
(225, 113, 'economy', 6779, 30),
(226, 113, 'business', 11213, 30),
(227, 114, 'economy', 6337, 30),
(228, 114, 'business', 12618, 30),
(229, 115, 'economy', 4897, 30),
(230, 115, 'business', 8712, 30),
(231, 116, 'economy', 7064, 30),
(232, 116, 'business', 9187, 30),
(233, 117, 'economy', 8093, 30),
(234, 117, 'business', 15941, 30),
(235, 118, 'economy', 8296, 30),
(236, 118, 'business', 8978, 30),
(237, 119, 'economy', 4144, 30),
(238, 119, 'business', 11394, 30),
(239, 120, 'economy', 6304, 30),
(240, 120, 'business', 10856, 30),
(241, 121, 'economy', 8878, 30),
(242, 121, 'business', 12216, 30),
(243, 122, 'economy', 4805, 30),
(244, 122, 'business', 14143, 30),
(245, 123, 'economy', 5817, 30),
(246, 123, 'business', 12770, 30),
(247, 124, 'economy', 5660, 30),
(248, 124, 'business', 10994, 30),
(249, 125, 'economy', 5059, 30),
(250, 125, 'business', 12765, 30),
(251, 126, 'economy', 7920, 30),
(252, 126, 'business', 15826, 30),
(253, 127, 'economy', 8918, 30),
(254, 127, 'business', 13456, 30),
(255, 128, 'economy', 6307, 30),
(256, 128, 'business', 15134, 30),
(257, 129, 'economy', 8839, 30),
(258, 129, 'business', 14940, 30),
(259, 130, 'economy', 6348, 30),
(260, 130, 'business', 10171, 30),
(261, 131, 'economy', 5026, 30),
(262, 131, 'business', 8950, 30),
(263, 132, 'economy', 5286, 30),
(264, 132, 'business', 14968, 30),
(265, 133, 'economy', 6519, 30),
(266, 133, 'business', 8418, 30),
(267, 134, 'economy', 8781, 30),
(268, 134, 'business', 9561, 30),
(269, 135, 'economy', 6277, 30),
(270, 135, 'business', 9114, 30),
(271, 136, 'economy', 8644, 30),
(272, 136, 'business', 15810, 30),
(273, 137, 'economy', 7656, 30),
(274, 137, 'business', 13067, 30),
(275, 138, 'economy', 8870, 30),
(276, 138, 'business', 15912, 30),
(277, 139, 'economy', 6751, 30),
(278, 139, 'business', 11210, 30),
(279, 140, 'economy', 4781, 30),
(280, 140, 'business', 15520, 30),
(281, 141, 'economy', 8825, 30),
(282, 141, 'business', 14628, 30),
(283, 142, 'economy', 6097, 30),
(284, 142, 'business', 11816, 30),
(285, 143, 'economy', 4447, 30),
(286, 143, 'business', 10052, 30),
(287, 144, 'economy', 4939, 30),
(288, 144, 'business', 9827, 30),
(289, 145, 'economy', 7913, 30),
(290, 145, 'business', 11354, 30),
(291, 146, 'economy', 7730, 30),
(292, 146, 'business', 9281, 30),
(293, 147, 'economy', 7420, 30),
(294, 147, 'business', 14139, 30),
(295, 148, 'economy', 6402, 30),
(296, 148, 'business', 15879, 30),
(297, 149, 'economy', 5919, 30),
(298, 149, 'business', 13313, 30),
(299, 150, 'economy', 8684, 30),
(300, 150, 'business', 14040, 30),
(301, 151, 'economy', 6147, 30),
(302, 151, 'business', 9813, 30),
(303, 152, 'economy', 8045, 30),
(304, 152, 'business', 14765, 30),
(305, 153, 'economy', 6029, 30),
(306, 153, 'business', 9219, 30),
(307, 154, 'economy', 4327, 30),
(308, 154, 'business', 10802, 30),
(309, 155, 'economy', 7351, 30),
(310, 155, 'business', 10962, 30),
(311, 156, 'economy', 8776, 30),
(312, 156, 'business', 8780, 30),
(313, 157, 'economy', 8416, 30),
(314, 157, 'business', 10710, 30),
(315, 158, 'economy', 7580, 30),
(316, 158, 'business', 14292, 30),
(317, 159, 'economy', 4153, 30),
(318, 159, 'business', 10091, 30),
(319, 160, 'economy', 7595, 30),
(320, 160, 'business', 13643, 30),
(321, 161, 'economy', 5992, 30),
(322, 161, 'business', 9763, 30),
(323, 162, 'economy', 4126, 30),
(324, 162, 'business', 14231, 30),
(325, 163, 'economy', 7324, 30),
(326, 163, 'business', 8783, 30),
(327, 164, 'economy', 8864, 30),
(328, 164, 'business', 11035, 30),
(329, 165, 'economy', 4266, 30),
(330, 165, 'business', 9178, 30),
(331, 166, 'economy', 8767, 30),
(332, 166, 'business', 13304, 30),
(333, 167, 'economy', 5180, 30),
(334, 167, 'business', 10682, 30),
(335, 168, 'economy', 5869, 30),
(336, 168, 'business', 13406, 30),
(337, 169, 'economy', 7773, 30),
(338, 169, 'business', 8698, 30),
(339, 170, 'economy', 7045, 30),
(340, 170, 'business', 12077, 30),
(341, 171, 'economy', 6031, 30),
(342, 171, 'business', 13176, 30),
(343, 172, 'economy', 7064, 30),
(344, 172, 'business', 8323, 30),
(345, 173, 'economy', 7010, 30),
(346, 173, 'business', 11436, 30),
(347, 174, 'economy', 7448, 30),
(348, 174, 'business', 14383, 30),
(349, 175, 'economy', 4519, 30),
(350, 175, 'business', 15665, 30),
(351, 176, 'economy', 4510, 30),
(352, 176, 'business', 15891, 30),
(353, 177, 'economy', 6360, 30),
(354, 177, 'business', 8425, 30),
(355, 178, 'economy', 4686, 30),
(356, 178, 'business', 14602, 30),
(357, 179, 'economy', 7335, 30),
(358, 179, 'business', 13480, 30),
(359, 180, 'economy', 7455, 30),
(360, 180, 'business', 9339, 30),
(361, 181, 'economy', 7656, 30),
(362, 181, 'business', 11856, 30),
(363, 182, 'economy', 8824, 30),
(364, 182, 'business', 9051, 30),
(365, 183, 'economy', 4522, 30),
(366, 183, 'business', 14786, 30),
(367, 184, 'economy', 6707, 30),
(368, 184, 'business', 10153, 30),
(369, 185, 'economy', 4842, 30),
(370, 185, 'business', 14497, 30),
(371, 186, 'economy', 8783, 30),
(372, 186, 'business', 10421, 30),
(373, 187, 'economy', 5558, 30),
(374, 187, 'business', 9478, 30),
(375, 188, 'economy', 4013, 30),
(376, 188, 'business', 14469, 30),
(377, 189, 'economy', 5604, 30),
(378, 189, 'business', 12737, 30),
(379, 190, 'economy', 6770, 30),
(380, 190, 'business', 11338, 30),
(381, 191, 'economy', 6657, 30),
(382, 191, 'business', 9965, 30),
(383, 192, 'economy', 7875, 30),
(384, 192, 'business', 11040, 30),
(385, 193, 'economy', 8454, 30),
(386, 193, 'business', 8466, 30),
(387, 194, 'economy', 5488, 30),
(388, 194, 'business', 8199, 30),
(389, 195, 'economy', 7867, 30),
(390, 195, 'business', 10376, 30),
(391, 196, 'economy', 8568, 30),
(392, 196, 'business', 12630, 30),
(393, 197, 'economy', 4781, 30),
(394, 197, 'business', 8185, 30),
(395, 198, 'economy', 4326, 30),
(396, 198, 'business', 8287, 30),
(397, 199, 'economy', 4369, 30),
(398, 199, 'business', 13489, 30),
(399, 200, 'economy', 5928, 30),
(400, 200, 'business', 9444, 30),
(401, 201, 'economy', 5920, 30),
(402, 201, 'business', 12711, 30),
(403, 202, 'economy', 8863, 30),
(404, 202, 'business', 9002, 30),
(405, 203, 'economy', 8241, 30),
(406, 203, 'business', 15413, 30),
(407, 204, 'economy', 5356, 30),
(408, 204, 'business', 9689, 30),
(409, 205, 'economy', 6455, 30),
(410, 205, 'business', 14683, 30),
(411, 206, 'economy', 6052, 30),
(412, 206, 'business', 10684, 30),
(413, 207, 'economy', 4808, 30),
(414, 207, 'business', 11831, 30),
(415, 208, 'economy', 5955, 30),
(416, 208, 'business', 12693, 30),
(417, 209, 'economy', 6755, 30),
(418, 209, 'business', 9386, 30),
(419, 210, 'economy', 4986, 30),
(420, 210, 'business', 8248, 30),
(421, 211, 'economy', 5996, 30),
(422, 211, 'business', 9284, 30),
(423, 212, 'economy', 8807, 30),
(424, 212, 'business', 14890, 30),
(425, 213, 'economy', 6720, 30),
(426, 213, 'business', 14260, 30),
(427, 214, 'economy', 7869, 30),
(428, 214, 'business', 12838, 30),
(429, 215, 'economy', 6178, 30),
(430, 215, 'business', 13579, 30),
(431, 216, 'economy', 6690, 30),
(432, 216, 'business', 11789, 30),
(433, 217, 'economy', 6910, 30),
(434, 217, 'business', 10903, 30),
(435, 218, 'economy', 5518, 30),
(436, 218, 'business', 11672, 30),
(437, 219, 'economy', 6429, 30),
(438, 219, 'business', 11160, 30),
(439, 220, 'economy', 4743, 30),
(440, 220, 'business', 12411, 30),
(441, 221, 'economy', 6512, 30),
(442, 221, 'business', 8219, 30),
(443, 222, 'economy', 7098, 30),
(444, 222, 'business', 8035, 30),
(445, 223, 'economy', 7235, 30),
(446, 223, 'business', 11842, 30),
(447, 224, 'economy', 8515, 30),
(448, 224, 'business', 8863, 30),
(449, 225, 'economy', 7335, 30),
(450, 225, 'business', 14511, 30),
(451, 226, 'economy', 5965, 30),
(452, 226, 'business', 14580, 30),
(453, 227, 'economy', 4967, 30),
(454, 227, 'business', 15390, 30),
(455, 228, 'economy', 5921, 30),
(456, 228, 'business', 10238, 30),
(457, 229, 'economy', 8537, 30),
(458, 229, 'business', 9353, 30),
(459, 230, 'economy', 5742, 30),
(460, 230, 'business', 11354, 30),
(461, 231, 'economy', 7626, 30),
(462, 231, 'business', 10719, 30),
(463, 232, 'economy', 4465, 30),
(464, 232, 'business', 11541, 30),
(465, 233, 'economy', 4578, 30),
(466, 233, 'business', 10432, 30),
(467, 234, 'economy', 5968, 30),
(468, 234, 'business', 8421, 30),
(469, 235, 'economy', 8076, 30),
(470, 235, 'business', 13627, 30),
(471, 236, 'economy', 7332, 30),
(472, 236, 'business', 12099, 30),
(473, 237, 'economy', 7696, 30),
(474, 237, 'business', 13149, 30),
(475, 238, 'economy', 4203, 30),
(476, 238, 'business', 11494, 30),
(477, 239, 'economy', 8175, 30),
(478, 239, 'business', 12238, 30),
(479, 240, 'economy', 4432, 30),
(480, 240, 'business', 10360, 30),
(481, 241, 'economy', 4561, 30),
(482, 241, 'business', 10085, 30),
(483, 242, 'economy', 5743, 30),
(484, 242, 'business', 9415, 30),
(485, 243, 'economy', 7561, 30),
(486, 243, 'business', 8617, 30),
(487, 244, 'economy', 7586, 30),
(488, 244, 'business', 12371, 30),
(489, 245, 'economy', 6630, 30),
(490, 245, 'business', 10708, 30),
(491, 246, 'economy', 8842, 30),
(492, 246, 'business', 8046, 30),
(493, 247, 'economy', 5381, 30),
(494, 247, 'business', 13135, 30),
(495, 248, 'economy', 6542, 30),
(496, 248, 'business', 10512, 30),
(497, 249, 'economy', 7461, 30),
(498, 249, 'business', 10183, 30),
(499, 250, 'economy', 7617, 30),
(500, 250, 'business', 12415, 30),
(501, 251, 'economy', 4496, 30),
(502, 251, 'business', 15972, 30),
(503, 252, 'economy', 4032, 30),
(504, 252, 'business', 15496, 30),
(505, 253, 'economy', 6048, 30),
(506, 253, 'business', 10607, 30),
(507, 254, 'economy', 5724, 30),
(508, 254, 'business', 11669, 30),
(509, 255, 'economy', 7969, 30),
(510, 255, 'business', 13847, 30),
(511, 256, 'economy', 6726, 30),
(512, 256, 'business', 11022, 30),
(513, 257, 'economy', 7294, 30),
(514, 257, 'business', 9467, 30),
(515, 258, 'economy', 8971, 30),
(516, 258, 'business', 14957, 30),
(517, 259, 'economy', 8486, 30),
(518, 259, 'business', 9877, 30),
(519, 260, 'economy', 5625, 30),
(520, 260, 'business', 11536, 30),
(521, 261, 'economy', 5871, 30),
(522, 261, 'business', 11491, 30),
(523, 262, 'economy', 6081, 30),
(524, 262, 'business', 9751, 30),
(525, 263, 'economy', 6673, 30),
(526, 263, 'business', 9031, 30),
(527, 264, 'economy', 5891, 30),
(528, 264, 'business', 11092, 30),
(529, 265, 'economy', 7016, 30),
(530, 265, 'business', 9157, 30),
(531, 266, 'economy', 4888, 30),
(532, 266, 'business', 12735, 30),
(533, 267, 'economy', 7985, 30),
(534, 267, 'business', 12554, 30),
(535, 268, 'economy', 5553, 30),
(536, 268, 'business', 15515, 30),
(537, 269, 'economy', 7096, 30),
(538, 269, 'business', 8953, 30),
(539, 270, 'economy', 5099, 30),
(540, 270, 'business', 10062, 30),
(541, 271, 'economy', 7630, 30),
(542, 271, 'business', 10195, 30),
(543, 272, 'economy', 6782, 30),
(544, 272, 'business', 14994, 30),
(545, 273, 'economy', 5527, 30),
(546, 273, 'business', 12325, 30),
(547, 274, 'economy', 7481, 30),
(548, 274, 'business', 12219, 30),
(549, 275, 'economy', 6810, 30),
(550, 275, 'business', 12862, 30),
(551, 276, 'economy', 7676, 30),
(552, 276, 'business', 10245, 30),
(553, 277, 'economy', 6911, 30),
(554, 277, 'business', 11467, 30),
(555, 278, 'economy', 4569, 30),
(556, 278, 'business', 15346, 30),
(557, 279, 'economy', 5555, 30),
(558, 279, 'business', 11467, 30),
(559, 280, 'economy', 6315, 30),
(560, 280, 'business', 12479, 30),
(561, 281, 'economy', 7418, 30),
(562, 281, 'business', 9047, 30),
(563, 282, 'economy', 8746, 30),
(564, 282, 'business', 13056, 30),
(565, 283, 'economy', 8542, 30),
(566, 283, 'business', 9650, 30),
(567, 284, 'economy', 4643, 30),
(568, 284, 'business', 11307, 30),
(569, 285, 'economy', 7644, 30),
(570, 285, 'business', 11845, 30),
(571, 286, 'economy', 5528, 30),
(572, 286, 'business', 10946, 30),
(573, 287, 'economy', 8929, 30),
(574, 287, 'business', 14614, 30),
(575, 288, 'economy', 6853, 30),
(576, 288, 'business', 14016, 30),
(577, 289, 'economy', 8025, 30),
(578, 289, 'business', 11660, 30),
(579, 290, 'economy', 8170, 30),
(580, 290, 'business', 9431, 30),
(581, 291, 'economy', 7008, 30),
(582, 291, 'business', 13961, 30),
(583, 292, 'economy', 6898, 30),
(584, 292, 'business', 13476, 30),
(585, 293, 'economy', 6030, 30),
(586, 293, 'business', 8446, 30),
(587, 294, 'economy', 5200, 30),
(588, 294, 'business', 9565, 30),
(589, 295, 'economy', 5505, 30),
(590, 295, 'business', 15961, 30),
(591, 296, 'economy', 4319, 30),
(592, 296, 'business', 8791, 30),
(593, 297, 'economy', 8625, 30),
(594, 297, 'business', 11284, 30),
(595, 298, 'economy', 4337, 30),
(596, 298, 'business', 13403, 30),
(597, 299, 'economy', 8483, 30),
(598, 299, 'business', 14348, 30),
(599, 300, 'economy', 4060, 30),
(600, 300, 'business', 13502, 30),
(601, 301, 'economy', 8724, 30),
(602, 301, 'business', 8884, 30),
(603, 302, 'economy', 6358, 30),
(604, 302, 'business', 9548, 30),
(605, 303, 'economy', 4241, 30),
(606, 303, 'business', 14250, 30),
(607, 304, 'economy', 7607, 30),
(608, 304, 'business', 14762, 30),
(609, 305, 'economy', 7148, 30),
(610, 305, 'business', 12340, 30),
(611, 306, 'economy', 5816, 30),
(612, 306, 'business', 15349, 30),
(613, 307, 'economy', 8178, 30),
(614, 307, 'business', 14141, 30),
(615, 308, 'economy', 5552, 30),
(616, 308, 'business', 12207, 30),
(617, 309, 'economy', 4163, 30),
(618, 309, 'business', 11758, 30),
(619, 310, 'economy', 4803, 30),
(620, 310, 'business', 15671, 30),
(621, 311, 'economy', 4713, 30),
(622, 311, 'business', 12747, 30),
(623, 312, 'economy', 6972, 30),
(624, 312, 'business', 12887, 30),
(625, 313, 'economy', 6890, 30),
(626, 313, 'business', 8831, 30),
(627, 314, 'economy', 5703, 30),
(628, 314, 'business', 13056, 30),
(629, 315, 'economy', 8863, 30),
(630, 315, 'business', 10305, 30),
(631, 316, 'economy', 8277, 30),
(632, 316, 'business', 15465, 30),
(633, 317, 'economy', 4926, 30),
(634, 317, 'business', 11309, 30),
(635, 318, 'economy', 5089, 30),
(636, 318, 'business', 15642, 30),
(637, 319, 'economy', 5545, 30),
(638, 319, 'business', 12287, 30),
(639, 320, 'economy', 5144, 30),
(640, 320, 'business', 15088, 30),
(641, 321, 'economy', 6869, 30),
(642, 321, 'business', 9781, 30),
(643, 322, 'economy', 4440, 30),
(644, 322, 'business', 13101, 30),
(645, 323, 'economy', 6294, 30),
(646, 323, 'business', 11806, 30),
(647, 324, 'economy', 5277, 30),
(648, 324, 'business', 12710, 30),
(649, 325, 'economy', 7798, 30),
(650, 325, 'business', 15701, 30),
(651, 326, 'economy', 8143, 30),
(652, 326, 'business', 13106, 30),
(653, 327, 'economy', 6898, 30),
(654, 327, 'business', 8595, 30),
(655, 328, 'economy', 6228, 30),
(656, 328, 'business', 9337, 30),
(657, 329, 'economy', 8882, 30),
(658, 329, 'business', 10443, 30),
(659, 330, 'economy', 5769, 30),
(660, 330, 'business', 11940, 30),
(661, 331, 'economy', 7031, 30),
(662, 331, 'business', 13445, 30),
(663, 332, 'economy', 4057, 30),
(664, 332, 'business', 8013, 30),
(665, 333, 'economy', 4320, 30),
(666, 333, 'business', 8715, 30),
(667, 334, 'economy', 4403, 30),
(668, 334, 'business', 14451, 30),
(669, 335, 'economy', 7861, 30),
(670, 335, 'business', 14753, 30),
(671, 336, 'economy', 6447, 30),
(672, 336, 'business', 12556, 30),
(673, 337, 'economy', 7080, 30),
(674, 337, 'business', 15861, 30),
(675, 338, 'economy', 4644, 30),
(676, 338, 'business', 14184, 30),
(677, 339, 'economy', 4667, 30),
(678, 339, 'business', 8567, 30),
(679, 340, 'economy', 8565, 30),
(680, 340, 'business', 13590, 30),
(681, 341, 'economy', 4219, 30),
(682, 341, 'business', 9611, 30),
(683, 342, 'economy', 8390, 30),
(684, 342, 'business', 14026, 30),
(685, 343, 'economy', 7469, 30),
(686, 343, 'business', 14021, 30),
(687, 344, 'economy', 5873, 30),
(688, 344, 'business', 15606, 30),
(689, 345, 'economy', 7988, 30),
(690, 345, 'business', 15197, 30),
(691, 346, 'economy', 5772, 30),
(692, 346, 'business', 11515, 30),
(693, 347, 'economy', 4418, 30),
(694, 347, 'business', 12561, 30),
(695, 348, 'economy', 8402, 30),
(696, 348, 'business', 10830, 30),
(697, 349, 'economy', 6735, 30),
(698, 349, 'business', 8505, 30),
(699, 350, 'economy', 5022, 30),
(700, 350, 'business', 11761, 30),
(701, 351, 'economy', 5363, 30),
(702, 351, 'business', 14349, 30),
(703, 352, 'economy', 5254, 30),
(704, 352, 'business', 11822, 30),
(705, 353, 'economy', 6670, 30),
(706, 353, 'business', 8761, 30),
(707, 354, 'economy', 7209, 30),
(708, 354, 'business', 10894, 30),
(709, 355, 'economy', 8877, 30),
(710, 355, 'business', 9760, 30),
(711, 356, 'economy', 4192, 30),
(712, 356, 'business', 12454, 30),
(713, 357, 'economy', 6766, 30),
(714, 357, 'business', 15721, 30),
(715, 358, 'economy', 7961, 30),
(716, 358, 'business', 14144, 30),
(717, 359, 'economy', 4945, 30),
(718, 359, 'business', 12306, 30),
(719, 360, 'economy', 7310, 30),
(720, 360, 'business', 10685, 30),
(721, 361, 'economy', 6293, 30),
(722, 361, 'business', 13710, 30),
(723, 362, 'economy', 7023, 30),
(724, 362, 'business', 12721, 30),
(725, 363, 'economy', 6415, 30),
(726, 363, 'business', 12977, 30),
(727, 364, 'economy', 6783, 30),
(728, 364, 'business', 14564, 30),
(729, 365, 'economy', 4304, 30),
(730, 365, 'business', 8244, 30),
(731, 366, 'economy', 7705, 30),
(732, 366, 'business', 10668, 30),
(733, 367, 'economy', 6945, 30),
(734, 367, 'business', 11893, 30),
(735, 368, 'economy', 6992, 30),
(736, 368, 'business', 14890, 30),
(737, 369, 'economy', 4616, 30),
(738, 369, 'business', 8655, 30),
(739, 370, 'economy', 7862, 30),
(740, 370, 'business', 9326, 30),
(741, 371, 'economy', 8291, 30),
(742, 371, 'business', 12407, 30),
(743, 372, 'economy', 4796, 30),
(744, 372, 'business', 11277, 30),
(745, 373, 'economy', 6630, 30),
(746, 373, 'business', 11166, 30),
(747, 374, 'economy', 8173, 30),
(748, 374, 'business', 15606, 30),
(749, 375, 'economy', 6237, 30),
(750, 375, 'business', 14863, 30),
(751, 376, 'economy', 4580, 30),
(752, 376, 'business', 10400, 30),
(753, 377, 'economy', 5305, 30),
(754, 377, 'business', 13617, 30),
(755, 378, 'economy', 4936, 30),
(756, 378, 'business', 10672, 30),
(757, 379, 'economy', 8810, 30),
(758, 379, 'business', 12220, 30),
(759, 380, 'economy', 6692, 30),
(760, 380, 'business', 15560, 30),
(761, 381, 'economy', 8358, 30),
(762, 381, 'business', 12232, 30),
(763, 382, 'economy', 7729, 30),
(764, 382, 'business', 9199, 30),
(765, 383, 'economy', 8885, 30),
(766, 383, 'business', 13814, 30),
(767, 384, 'economy', 7092, 30),
(768, 384, 'business', 10770, 30),
(769, 385, 'economy', 6850, 30),
(770, 385, 'business', 12332, 30),
(771, 386, 'economy', 4161, 30),
(772, 386, 'business', 12588, 30),
(773, 387, 'economy', 4797, 30),
(774, 387, 'business', 15287, 30),
(775, 388, 'economy', 6210, 30),
(776, 388, 'business', 9748, 30),
(777, 389, 'economy', 6006, 30),
(778, 389, 'business', 8978, 30),
(779, 390, 'economy', 8911, 30),
(780, 390, 'business', 12415, 30),
(781, 391, 'economy', 4229, 30),
(782, 391, 'business', 14010, 30),
(783, 392, 'economy', 7451, 30),
(784, 392, 'business', 8649, 30),
(785, 393, 'economy', 6828, 30),
(786, 393, 'business', 15515, 30),
(787, 394, 'economy', 8143, 30),
(788, 394, 'business', 9533, 30),
(789, 395, 'economy', 4639, 30),
(790, 395, 'business', 15059, 30),
(791, 396, 'economy', 7513, 30),
(792, 396, 'business', 10081, 30),
(793, 397, 'economy', 7662, 30),
(794, 397, 'business', 10121, 30),
(795, 398, 'economy', 6113, 30),
(796, 398, 'business', 11708, 30),
(797, 399, 'economy', 5584, 30),
(798, 399, 'business', 12149, 30),
(799, 400, 'economy', 6588, 30),
(800, 400, 'business', 10155, 30),
(801, 401, 'economy', 6592, 30),
(802, 401, 'business', 13957, 30),
(803, 402, 'economy', 5003, 30),
(804, 402, 'business', 14012, 30),
(805, 403, 'economy', 4531, 30),
(806, 403, 'business', 9971, 30),
(807, 404, 'economy', 7507, 30),
(808, 404, 'business', 11283, 30),
(809, 405, 'economy', 8635, 30),
(810, 405, 'business', 9272, 30),
(811, 406, 'economy', 5159, 30),
(812, 406, 'business', 15375, 30),
(813, 407, 'economy', 6015, 30),
(814, 407, 'business', 12346, 30),
(815, 408, 'economy', 5821, 30),
(816, 408, 'business', 12389, 30),
(817, 409, 'economy', 7536, 30),
(818, 409, 'business', 8110, 30),
(819, 410, 'economy', 8274, 30),
(820, 410, 'business', 12702, 30),
(821, 411, 'economy', 5218, 30),
(822, 411, 'business', 13792, 30),
(823, 412, 'economy', 7519, 30),
(824, 412, 'business', 10581, 30),
(825, 413, 'economy', 4363, 30),
(826, 413, 'business', 9461, 30),
(827, 414, 'economy', 5905, 30),
(828, 414, 'business', 9309, 30),
(829, 415, 'economy', 8867, 30),
(830, 415, 'business', 10785, 30),
(831, 416, 'economy', 4514, 30),
(832, 416, 'business', 11349, 30),
(833, 417, 'economy', 7525, 30),
(834, 417, 'business', 10823, 30),
(835, 418, 'economy', 5981, 30),
(836, 418, 'business', 11117, 30),
(837, 419, 'economy', 6685, 30),
(838, 419, 'business', 14005, 30),
(839, 420, 'economy', 6240, 30),
(840, 420, 'business', 15025, 30),
(841, 421, 'economy', 8961, 30),
(842, 421, 'business', 11267, 30),
(843, 422, 'economy', 5644, 30),
(844, 422, 'business', 9985, 30),
(845, 423, 'economy', 6736, 30),
(846, 423, 'business', 12234, 30),
(847, 424, 'economy', 4323, 30),
(848, 424, 'business', 15518, 30),
(849, 425, 'economy', 7730, 30),
(850, 425, 'business', 12427, 30),
(851, 426, 'economy', 4877, 30),
(852, 426, 'business', 10045, 30),
(853, 427, 'economy', 6760, 30),
(854, 427, 'business', 14150, 30),
(855, 428, 'economy', 8691, 30),
(856, 428, 'business', 10894, 30),
(857, 429, 'economy', 6747, 30),
(858, 429, 'business', 10218, 30),
(859, 430, 'economy', 6387, 30),
(860, 430, 'business', 12534, 30),
(861, 431, 'economy', 7265, 30),
(862, 431, 'business', 15290, 30),
(863, 432, 'economy', 8520, 30),
(864, 432, 'business', 9192, 30),
(865, 433, 'economy', 4981, 30),
(866, 433, 'business', 15768, 30),
(867, 434, 'economy', 6112, 30),
(868, 434, 'business', 12254, 30),
(869, 435, 'economy', 7161, 30),
(870, 435, 'business', 15867, 30),
(871, 436, 'economy', 5526, 30),
(872, 436, 'business', 14128, 30),
(873, 437, 'economy', 4959, 30),
(874, 437, 'business', 14285, 30),
(875, 438, 'economy', 5471, 30),
(876, 438, 'business', 14218, 30),
(877, 439, 'economy', 5756, 30),
(878, 439, 'business', 14145, 30),
(879, 440, 'economy', 5465, 30),
(880, 440, 'business', 9079, 30),
(881, 441, 'economy', 8115, 30),
(882, 441, 'business', 14408, 30),
(883, 442, 'economy', 7852, 30),
(884, 442, 'business', 11132, 30),
(885, 443, 'economy', 4496, 30),
(886, 443, 'business', 14022, 30),
(887, 444, 'economy', 8913, 30),
(888, 444, 'business', 8985, 30),
(889, 445, 'economy', 7647, 30),
(890, 445, 'business', 12522, 30),
(891, 446, 'economy', 4810, 30),
(892, 446, 'business', 15992, 30),
(893, 447, 'economy', 6713, 30),
(894, 447, 'business', 11255, 30),
(895, 448, 'economy', 6826, 30),
(896, 448, 'business', 14647, 30),
(897, 449, 'economy', 8843, 30),
(898, 449, 'business', 15562, 30),
(899, 450, 'economy', 8965, 30),
(900, 450, 'business', 8795, 30),
(901, 451, 'economy', 4542, 30),
(902, 451, 'business', 14276, 30),
(903, 452, 'economy', 5979, 30),
(904, 452, 'business', 13465, 30),
(905, 453, 'economy', 7515, 30),
(906, 453, 'business', 15902, 30),
(907, 454, 'economy', 4234, 30),
(908, 454, 'business', 13311, 30),
(909, 455, 'economy', 7955, 30),
(910, 455, 'business', 8990, 30),
(911, 456, 'economy', 8962, 30),
(912, 456, 'business', 11209, 30),
(913, 457, 'economy', 4029, 30),
(914, 457, 'business', 13285, 30),
(915, 458, 'economy', 5111, 30),
(916, 458, 'business', 15962, 30),
(917, 459, 'economy', 4240, 30),
(918, 459, 'business', 12306, 30),
(919, 460, 'economy', 8183, 30),
(920, 460, 'business', 14918, 30),
(921, 461, 'economy', 5614, 30),
(922, 461, 'business', 9010, 30),
(923, 462, 'economy', 6714, 30),
(924, 462, 'business', 10098, 30),
(925, 463, 'economy', 7938, 30),
(926, 463, 'business', 12860, 30),
(927, 464, 'economy', 4962, 30),
(928, 464, 'business', 12820, 30),
(929, 465, 'economy', 6868, 30),
(930, 465, 'business', 11499, 30),
(931, 466, 'economy', 5794, 30),
(932, 466, 'business', 10197, 30),
(933, 467, 'economy', 4943, 30),
(934, 467, 'business', 10430, 30),
(935, 468, 'economy', 7289, 30),
(936, 468, 'business', 12426, 30),
(937, 469, 'economy', 5780, 30),
(938, 469, 'business', 11670, 30),
(939, 470, 'economy', 5402, 30),
(940, 470, 'business', 8364, 30),
(941, 471, 'economy', 7911, 30),
(942, 471, 'business', 14084, 30),
(943, 472, 'economy', 8108, 30),
(944, 472, 'business', 9832, 30),
(945, 473, 'economy', 5295, 30),
(946, 473, 'business', 11021, 30),
(947, 474, 'economy', 7676, 30),
(948, 474, 'business', 14042, 30),
(949, 475, 'economy', 5298, 30),
(950, 475, 'business', 11950, 30),
(951, 476, 'economy', 5067, 30),
(952, 476, 'business', 14850, 30),
(953, 477, 'economy', 4169, 30),
(954, 477, 'business', 9825, 30),
(955, 478, 'economy', 6947, 30),
(956, 478, 'business', 11901, 30),
(957, 479, 'economy', 8097, 30),
(958, 479, 'business', 13640, 30),
(959, 480, 'economy', 4867, 30),
(960, 480, 'business', 12722, 30),
(961, 481, 'economy', 4349, 30),
(962, 481, 'business', 12635, 30),
(963, 482, 'economy', 5395, 30),
(964, 482, 'business', 12123, 30),
(965, 483, 'economy', 8551, 30),
(966, 483, 'business', 9979, 30),
(967, 484, 'economy', 5103, 30),
(968, 484, 'business', 8326, 30),
(969, 485, 'economy', 8171, 30),
(970, 485, 'business', 9296, 30),
(971, 486, 'economy', 6636, 30),
(972, 486, 'business', 12836, 30),
(973, 487, 'economy', 5105, 30),
(974, 487, 'business', 14976, 30),
(975, 488, 'economy', 5622, 30),
(976, 488, 'business', 9014, 30),
(977, 489, 'economy', 4705, 30),
(978, 489, 'business', 13671, 30),
(979, 490, 'economy', 7459, 30),
(980, 490, 'business', 11558, 30),
(981, 491, 'economy', 5991, 30),
(982, 491, 'business', 12790, 30),
(983, 492, 'economy', 6019, 30),
(984, 492, 'business', 8154, 30),
(985, 493, 'economy', 4640, 30),
(986, 493, 'business', 9969, 30),
(987, 494, 'economy', 8433, 30),
(988, 494, 'business', 11905, 30),
(989, 495, 'economy', 7553, 30),
(990, 495, 'business', 14169, 30),
(991, 496, 'economy', 6749, 30),
(992, 496, 'business', 13819, 30),
(993, 497, 'economy', 5956, 30),
(994, 497, 'business', 15057, 30),
(995, 498, 'economy', 8970, 30),
(996, 498, 'business', 15739, 30),
(997, 499, 'economy', 6406, 30),
(998, 499, 'business', 14277, 30),
(999, 500, 'economy', 4034, 30),
(1000, 500, 'business', 11577, 30),
(1001, 501, 'economy', 6369, 30),
(1002, 501, 'business', 14300, 30),
(1003, 502, 'economy', 7622, 30),
(1004, 502, 'business', 9066, 30),
(1005, 503, 'economy', 5919, 30),
(1006, 503, 'business', 8787, 30),
(1007, 504, 'economy', 8938, 30),
(1008, 504, 'business', 8163, 30),
(1009, 505, 'economy', 6802, 30),
(1010, 505, 'business', 9934, 30),
(1011, 506, 'economy', 8440, 30),
(1012, 506, 'business', 8600, 30),
(1013, 507, 'economy', 5547, 30),
(1014, 507, 'business', 14989, 30),
(1015, 508, 'economy', 5979, 30),
(1016, 508, 'business', 15690, 30),
(1017, 509, 'economy', 7600, 30),
(1018, 509, 'business', 14199, 30),
(1019, 510, 'economy', 6298, 30),
(1020, 510, 'business', 13827, 30),
(1021, 511, 'economy', 5266, 30),
(1022, 511, 'business', 13158, 30),
(1023, 512, 'economy', 5983, 30),
(1024, 512, 'business', 8176, 30),
(1025, 513, 'economy', 4200, 30),
(1026, 513, 'business', 14354, 30),
(1027, 514, 'economy', 5046, 30),
(1028, 514, 'business', 14895, 30),
(1029, 515, 'economy', 4952, 30),
(1030, 515, 'business', 14908, 30),
(1031, 516, 'economy', 8165, 30),
(1032, 516, 'business', 8299, 30),
(1033, 517, 'economy', 8010, 30),
(1034, 517, 'business', 9807, 30),
(1035, 518, 'economy', 5730, 30),
(1036, 518, 'business', 12571, 30),
(1037, 519, 'economy', 7400, 30),
(1038, 519, 'business', 8156, 30),
(1039, 520, 'economy', 5859, 30),
(1040, 520, 'business', 9427, 30),
(1041, 521, 'economy', 4890, 30),
(1042, 521, 'business', 12980, 30),
(1043, 522, 'economy', 7509, 30),
(1044, 522, 'business', 14468, 30),
(1045, 523, 'economy', 5641, 30),
(1046, 523, 'business', 13915, 30),
(1047, 524, 'economy', 6255, 30),
(1048, 524, 'business', 9901, 30),
(1049, 525, 'economy', 4479, 30),
(1050, 525, 'business', 10550, 30),
(1051, 526, 'economy', 7565, 30),
(1052, 526, 'business', 9800, 30),
(1053, 527, 'economy', 7328, 30),
(1054, 527, 'business', 14921, 30),
(1055, 528, 'economy', 5986, 30),
(1056, 528, 'business', 12844, 30),
(1057, 529, 'economy', 6303, 30),
(1058, 529, 'business', 14180, 30),
(1059, 530, 'economy', 4680, 30),
(1060, 530, 'business', 8113, 30),
(1061, 531, 'economy', 8714, 30),
(1062, 531, 'business', 8668, 30),
(1063, 532, 'economy', 6802, 30),
(1064, 532, 'business', 9285, 30),
(1065, 533, 'economy', 4886, 30),
(1066, 533, 'business', 12077, 30),
(1067, 534, 'economy', 5674, 30),
(1068, 534, 'business', 10580, 30),
(1069, 535, 'economy', 4561, 30),
(1070, 535, 'business', 14209, 30),
(1071, 536, 'economy', 7818, 30),
(1072, 536, 'business', 10404, 30),
(1073, 537, 'economy', 8459, 30),
(1074, 537, 'business', 15461, 30),
(1075, 538, 'economy', 5392, 30),
(1076, 538, 'business', 13513, 30),
(1077, 539, 'economy', 4932, 30),
(1078, 539, 'business', 12471, 30),
(1079, 540, 'economy', 5872, 30),
(1080, 540, 'business', 15785, 30),
(1081, 541, 'economy', 5999, 30),
(1082, 541, 'business', 10061, 30),
(1083, 542, 'economy', 8390, 30),
(1084, 542, 'business', 13576, 30),
(1085, 543, 'economy', 6692, 30),
(1086, 543, 'business', 14774, 30),
(1087, 544, 'economy', 6171, 30),
(1088, 544, 'business', 12126, 30),
(1089, 545, 'economy', 8151, 30),
(1090, 545, 'business', 8576, 30),
(1091, 546, 'economy', 8187, 30),
(1092, 546, 'business', 8405, 30),
(1093, 547, 'economy', 4392, 30),
(1094, 547, 'business', 9204, 30),
(1095, 548, 'economy', 8129, 30),
(1096, 548, 'business', 9433, 30),
(1097, 549, 'economy', 8091, 30),
(1098, 549, 'business', 10443, 30),
(1099, 550, 'economy', 8500, 30),
(1100, 550, 'business', 15728, 30),
(1101, 551, 'economy', 7658, 30),
(1102, 551, 'business', 9652, 30),
(1103, 552, 'economy', 7565, 30),
(1104, 552, 'business', 15885, 30),
(1105, 553, 'economy', 6478, 30),
(1106, 553, 'business', 14920, 30),
(1107, 554, 'economy', 7154, 30),
(1108, 554, 'business', 11063, 30),
(1109, 555, 'economy', 4942, 30),
(1110, 555, 'business', 12692, 30),
(1111, 556, 'economy', 8268, 30),
(1112, 556, 'business', 11108, 30),
(1113, 557, 'economy', 5257, 30),
(1114, 557, 'business', 10086, 30),
(1115, 558, 'economy', 4071, 30),
(1116, 558, 'business', 15761, 30),
(1117, 559, 'economy', 4462, 30),
(1118, 559, 'business', 8027, 30),
(1119, 560, 'economy', 8522, 30),
(1120, 560, 'business', 14097, 30),
(1121, 561, 'economy', 7744, 30),
(1122, 561, 'business', 9944, 30),
(1123, 562, 'economy', 6776, 30),
(1124, 562, 'business', 12955, 30),
(1125, 563, 'economy', 7851, 30),
(1126, 563, 'business', 10574, 30),
(1127, 564, 'economy', 8476, 30),
(1128, 564, 'business', 11709, 30),
(1129, 565, 'economy', 4854, 30),
(1130, 565, 'business', 10181, 30),
(1131, 566, 'economy', 6652, 30),
(1132, 566, 'business', 9760, 30),
(1133, 567, 'economy', 5157, 30),
(1134, 567, 'business', 10853, 30),
(1135, 568, 'economy', 4727, 30),
(1136, 568, 'business', 12425, 30),
(1137, 569, 'economy', 8372, 30),
(1138, 569, 'business', 8348, 30),
(1139, 570, 'economy', 5370, 30),
(1140, 570, 'business', 11891, 30),
(1141, 571, 'economy', 5500, 30),
(1142, 571, 'business', 9869, 30),
(1143, 572, 'economy', 8380, 30),
(1144, 572, 'business', 13136, 30),
(1145, 573, 'economy', 7686, 30),
(1146, 573, 'business', 12645, 30),
(1147, 574, 'economy', 5753, 30),
(1148, 574, 'business', 13130, 30),
(1149, 575, 'economy', 8996, 30),
(1150, 575, 'business', 12131, 30),
(1151, 576, 'economy', 6979, 30),
(1152, 576, 'business', 11287, 30),
(1153, 577, 'economy', 4902, 30),
(1154, 577, 'business', 9089, 30),
(1155, 578, 'economy', 4605, 30),
(1156, 578, 'business', 9541, 30),
(1157, 579, 'economy', 7454, 30),
(1158, 579, 'business', 13642, 30),
(1159, 580, 'economy', 7584, 30),
(1160, 580, 'business', 9701, 30),
(1161, 581, 'economy', 7617, 30),
(1162, 581, 'business', 8213, 30),
(1163, 582, 'economy', 5487, 30),
(1164, 582, 'business', 15423, 30),
(1165, 583, 'economy', 6158, 30),
(1166, 583, 'business', 14660, 30),
(1167, 584, 'economy', 4882, 30),
(1168, 584, 'business', 11730, 30),
(1169, 585, 'economy', 6716, 30),
(1170, 585, 'business', 9822, 30),
(1171, 586, 'economy', 7758, 30),
(1172, 586, 'business', 8218, 30),
(1173, 587, 'economy', 4438, 30),
(1174, 587, 'business', 10079, 30),
(1175, 588, 'economy', 6885, 30),
(1176, 588, 'business', 13634, 30),
(1177, 589, 'economy', 6548, 30),
(1178, 589, 'business', 11976, 30),
(1179, 590, 'economy', 4199, 30),
(1180, 590, 'business', 12699, 30),
(1181, 591, 'economy', 7387, 30),
(1182, 591, 'business', 13348, 30),
(1183, 592, 'economy', 8083, 30),
(1184, 592, 'business', 9557, 30),
(1185, 593, 'economy', 5696, 30),
(1186, 593, 'business', 10114, 30),
(1187, 594, 'economy', 6132, 30),
(1188, 594, 'business', 15056, 30),
(1189, 595, 'economy', 4597, 30),
(1190, 595, 'business', 12054, 30),
(1191, 596, 'economy', 7513, 30),
(1192, 596, 'business', 12455, 30),
(1193, 597, 'economy', 7350, 30),
(1194, 597, 'business', 9929, 30),
(1195, 598, 'economy', 8923, 30),
(1196, 598, 'business', 15989, 30),
(1197, 599, 'economy', 8033, 30),
(1198, 599, 'business', 13496, 30),
(1199, 600, 'economy', 8207, 30),
(1200, 600, 'business', 9362, 30),
(1201, 601, 'economy', 7378, 30),
(1202, 601, 'business', 14225, 30),
(1203, 602, 'economy', 5412, 30),
(1204, 602, 'business', 11647, 30),
(1205, 603, 'economy', 8871, 30),
(1206, 603, 'business', 12057, 30),
(1207, 604, 'economy', 5235, 30),
(1208, 604, 'business', 14187, 30),
(1209, 605, 'economy', 7274, 30),
(1210, 605, 'business', 14153, 30),
(1211, 606, 'economy', 4072, 30),
(1212, 606, 'business', 10581, 30),
(1213, 607, 'economy', 7984, 30),
(1214, 607, 'business', 12071, 30),
(1215, 608, 'economy', 5908, 30),
(1216, 608, 'business', 13989, 30),
(1217, 609, 'economy', 5188, 30),
(1218, 609, 'business', 12525, 30),
(1219, 610, 'economy', 8104, 30),
(1220, 610, 'business', 13715, 30),
(1221, 611, 'economy', 5716, 30),
(1222, 611, 'business', 9281, 30),
(1223, 612, 'economy', 7695, 30),
(1224, 612, 'business', 15331, 30),
(1225, 613, 'economy', 5894, 30),
(1226, 613, 'business', 15372, 30),
(1227, 614, 'economy', 6601, 30),
(1228, 614, 'business', 8544, 30),
(1229, 615, 'economy', 5565, 30),
(1230, 615, 'business', 11070, 30),
(1231, 616, 'economy', 4712, 30),
(1232, 616, 'business', 14056, 30),
(1233, 617, 'economy', 7308, 30),
(1234, 617, 'business', 15291, 30),
(1235, 618, 'economy', 4478, 30),
(1236, 618, 'business', 14346, 30),
(1237, 619, 'economy', 4977, 30),
(1238, 619, 'business', 15047, 30),
(1239, 620, 'economy', 7807, 30),
(1240, 620, 'business', 9102, 30),
(1241, 621, 'economy', 4182, 30),
(1242, 621, 'business', 9776, 30),
(1243, 622, 'economy', 8224, 30),
(1244, 622, 'business', 9740, 30),
(1245, 623, 'economy', 5713, 30),
(1246, 623, 'business', 8199, 30),
(1247, 624, 'economy', 5513, 30),
(1248, 624, 'business', 9712, 30),
(1249, 625, 'economy', 6361, 30),
(1250, 625, 'business', 15866, 30),
(1251, 626, 'economy', 6411, 30),
(1252, 626, 'business', 9449, 30),
(1253, 627, 'economy', 6946, 30),
(1254, 627, 'business', 9216, 30),
(1255, 628, 'economy', 8817, 30),
(1256, 628, 'business', 13281, 30),
(1257, 629, 'economy', 6481, 30),
(1258, 629, 'business', 14713, 30),
(1259, 630, 'economy', 6969, 30),
(1260, 630, 'business', 12386, 30),
(1261, 631, 'economy', 8297, 30),
(1262, 631, 'business', 9887, 30),
(1263, 632, 'economy', 8633, 30),
(1264, 632, 'business', 14442, 30),
(1265, 633, 'economy', 8909, 30),
(1266, 633, 'business', 11585, 30),
(1267, 634, 'economy', 7894, 30),
(1268, 634, 'business', 14293, 30),
(1269, 635, 'economy', 6679, 30),
(1270, 635, 'business', 9447, 30),
(1271, 636, 'economy', 8466, 30),
(1272, 636, 'business', 11928, 30),
(1273, 637, 'economy', 6302, 30),
(1274, 637, 'business', 11644, 30),
(1275, 638, 'economy', 7304, 30),
(1276, 638, 'business', 11984, 30),
(1277, 639, 'economy', 4448, 30),
(1278, 639, 'business', 12868, 30),
(1279, 640, 'economy', 6722, 30),
(1280, 640, 'business', 14874, 30),
(1281, 641, 'economy', 4683, 30),
(1282, 641, 'business', 15557, 30),
(1283, 642, 'economy', 8704, 30),
(1284, 642, 'business', 15199, 30),
(1285, 643, 'economy', 4887, 30),
(1286, 643, 'business', 11077, 30),
(1287, 644, 'economy', 4357, 30),
(1288, 644, 'business', 13146, 30),
(1289, 645, 'economy', 6221, 30),
(1290, 645, 'business', 10244, 30),
(1291, 646, 'economy', 6678, 30),
(1292, 646, 'business', 11016, 30),
(1293, 647, 'economy', 6777, 30),
(1294, 647, 'business', 8477, 30),
(1295, 648, 'economy', 4267, 30),
(1296, 648, 'business', 9314, 30),
(1297, 649, 'economy', 5906, 30),
(1298, 649, 'business', 11476, 30),
(1299, 650, 'economy', 6365, 30),
(1300, 650, 'business', 11933, 30),
(1301, 651, 'economy', 5558, 30),
(1302, 651, 'business', 10860, 30),
(1303, 652, 'economy', 7217, 30),
(1304, 652, 'business', 10447, 30),
(1305, 653, 'economy', 7692, 30),
(1306, 653, 'business', 14879, 30),
(1307, 654, 'economy', 4062, 30),
(1308, 654, 'business', 14365, 30),
(1309, 655, 'economy', 5601, 30),
(1310, 655, 'business', 9436, 30),
(1311, 656, 'economy', 6124, 30),
(1312, 656, 'business', 8684, 30),
(1313, 657, 'economy', 7361, 30),
(1314, 657, 'business', 9555, 30),
(1315, 658, 'economy', 5503, 30),
(1316, 658, 'business', 15065, 30),
(1317, 659, 'economy', 6852, 30),
(1318, 659, 'business', 8764, 30),
(1319, 660, 'economy', 7167, 30),
(1320, 660, 'business', 12950, 30),
(1321, 661, 'economy', 6771, 30),
(1322, 661, 'business', 15801, 30),
(1323, 662, 'economy', 4647, 30),
(1324, 662, 'business', 15784, 30),
(1325, 663, 'economy', 5458, 30),
(1326, 663, 'business', 14188, 30),
(1327, 664, 'economy', 5707, 30),
(1328, 664, 'business', 8995, 30),
(1329, 665, 'economy', 8888, 30),
(1330, 665, 'business', 12092, 30),
(1331, 666, 'economy', 4364, 30),
(1332, 666, 'business', 15958, 30),
(1333, 667, 'economy', 5766, 30),
(1334, 667, 'business', 9136, 30),
(1335, 668, 'economy', 5517, 30),
(1336, 668, 'business', 12010, 30),
(1337, 669, 'economy', 4692, 30),
(1338, 669, 'business', 14156, 30),
(1339, 670, 'economy', 6152, 30),
(1340, 670, 'business', 9353, 30),
(1341, 671, 'economy', 6398, 30),
(1342, 671, 'business', 10848, 30),
(1343, 672, 'economy', 7213, 30),
(1344, 672, 'business', 13742, 30),
(1345, 673, 'economy', 5769, 30),
(1346, 673, 'business', 13720, 30),
(1347, 674, 'economy', 4107, 30),
(1348, 674, 'business', 9680, 30),
(1349, 675, 'economy', 5969, 30),
(1350, 675, 'business', 11079, 30),
(1351, 676, 'economy', 5158, 30),
(1352, 676, 'business', 13587, 30),
(1353, 677, 'economy', 6587, 30),
(1354, 677, 'business', 10991, 30),
(1355, 678, 'economy', 4475, 30),
(1356, 678, 'business', 10494, 30),
(1357, 679, 'economy', 7590, 30),
(1358, 679, 'business', 10861, 30),
(1359, 680, 'economy', 7193, 30),
(1360, 680, 'business', 15335, 30),
(1361, 681, 'economy', 8952, 30),
(1362, 681, 'business', 15650, 30),
(1363, 682, 'economy', 5557, 30),
(1364, 682, 'business', 14493, 30),
(1365, 683, 'economy', 5016, 30),
(1366, 683, 'business', 12462, 30),
(1367, 684, 'economy', 8797, 30),
(1368, 684, 'business', 14540, 30),
(1369, 685, 'economy', 8016, 30),
(1370, 685, 'business', 14862, 30),
(1371, 686, 'economy', 4789, 30),
(1372, 686, 'business', 12345, 30),
(1373, 687, 'economy', 6130, 30),
(1374, 687, 'business', 12464, 30),
(1375, 688, 'economy', 5245, 30),
(1376, 688, 'business', 12929, 30),
(1377, 689, 'economy', 4303, 30),
(1378, 689, 'business', 10692, 30),
(1379, 690, 'economy', 4161, 30),
(1380, 690, 'business', 9496, 30),
(1381, 691, 'economy', 6895, 30),
(1382, 691, 'business', 9014, 30),
(1383, 692, 'economy', 7008, 30),
(1384, 692, 'business', 15998, 30),
(1385, 693, 'economy', 5957, 30),
(1386, 693, 'business', 15102, 30),
(1387, 694, 'economy', 6581, 30),
(1388, 694, 'business', 10327, 30),
(1389, 695, 'economy', 6285, 30),
(1390, 695, 'business', 15144, 30),
(1391, 696, 'economy', 4942, 30),
(1392, 696, 'business', 14747, 30),
(1393, 697, 'economy', 7208, 30),
(1394, 697, 'business', 14707, 30),
(1395, 698, 'economy', 7096, 30),
(1396, 698, 'business', 10618, 30),
(1397, 699, 'economy', 6207, 30),
(1398, 699, 'business', 12653, 30),
(1399, 700, 'economy', 8328, 30),
(1400, 700, 'business', 14090, 30),
(1401, 701, 'economy', 6786, 30),
(1402, 701, 'business', 10222, 30),
(1403, 702, 'economy', 5564, 30),
(1404, 702, 'business', 8154, 30),
(1405, 703, 'economy', 5648, 30),
(1406, 703, 'business', 11405, 30),
(1407, 704, 'economy', 8369, 30),
(1408, 704, 'business', 9389, 30),
(1409, 705, 'economy', 7155, 30),
(1410, 705, 'business', 11921, 30),
(1411, 706, 'economy', 8180, 30),
(1412, 706, 'business', 10713, 30),
(1413, 707, 'economy', 6547, 30),
(1414, 707, 'business', 8120, 30),
(1415, 708, 'economy', 4133, 30),
(1416, 708, 'business', 13607, 30),
(1417, 709, 'economy', 5680, 30),
(1418, 709, 'business', 15074, 30),
(1419, 710, 'economy', 6534, 30),
(1420, 710, 'business', 8658, 30),
(1421, 711, 'economy', 5527, 30),
(1422, 711, 'business', 15390, 30),
(1423, 712, 'economy', 8367, 30),
(1424, 712, 'business', 10561, 30),
(1425, 713, 'economy', 6406, 30),
(1426, 713, 'business', 13573, 30),
(1427, 714, 'economy', 4134, 30),
(1428, 714, 'business', 15271, 30),
(1429, 715, 'economy', 7302, 30),
(1430, 715, 'business', 8164, 30),
(1431, 716, 'economy', 7826, 30),
(1432, 716, 'business', 8947, 30),
(1433, 717, 'economy', 6863, 30),
(1434, 717, 'business', 8145, 30),
(1435, 718, 'economy', 8620, 30),
(1436, 718, 'business', 10710, 30),
(1437, 719, 'economy', 6593, 30),
(1438, 719, 'business', 12423, 30),
(1439, 720, 'economy', 5970, 30),
(1440, 720, 'business', 11198, 30),
(1441, 721, 'economy', 5383, 30),
(1442, 721, 'business', 11688, 30),
(1443, 722, 'economy', 6396, 30),
(1444, 722, 'business', 15182, 30),
(1445, 723, 'economy', 4029, 30),
(1446, 723, 'business', 13728, 30),
(1447, 724, 'economy', 5223, 30),
(1448, 724, 'business', 15311, 30),
(1449, 725, 'economy', 4668, 30),
(1450, 725, 'business', 13045, 30),
(1451, 726, 'economy', 7535, 30),
(1452, 726, 'business', 9178, 30),
(1453, 727, 'economy', 6971, 30),
(1454, 727, 'business', 12695, 30),
(1455, 728, 'economy', 6376, 30),
(1456, 728, 'business', 12442, 30),
(1457, 729, 'economy', 8505, 30),
(1458, 729, 'business', 9395, 30),
(1459, 730, 'economy', 6454, 30),
(1460, 730, 'business', 11331, 30),
(1461, 731, 'economy', 4001, 30),
(1462, 731, 'business', 9983, 30),
(1463, 732, 'economy', 5260, 30),
(1464, 732, 'business', 9312, 30),
(1465, 733, 'economy', 7482, 30),
(1466, 733, 'business', 9153, 30),
(1467, 734, 'economy', 7029, 30),
(1468, 734, 'business', 10892, 30),
(1469, 735, 'economy', 5496, 30),
(1470, 735, 'business', 12779, 30),
(1471, 736, 'economy', 6885, 30),
(1472, 736, 'business', 14360, 30),
(1473, 737, 'economy', 6586, 30),
(1474, 737, 'business', 13525, 30),
(1475, 738, 'economy', 4011, 30),
(1476, 738, 'business', 15478, 30),
(1477, 739, 'economy', 8576, 30),
(1478, 739, 'business', 9813, 30),
(1479, 740, 'economy', 6543, 30),
(1480, 740, 'business', 10265, 30),
(1481, 741, 'economy', 8113, 30),
(1482, 741, 'business', 14346, 30),
(1483, 742, 'economy', 8012, 30),
(1484, 742, 'business', 13130, 30),
(1485, 743, 'economy', 8337, 30),
(1486, 743, 'business', 10867, 30),
(1487, 744, 'economy', 8095, 30),
(1488, 744, 'business', 11905, 30);

-- --------------------------------------------------------

--
-- 資料表結構 `flight_reserved_seats`
--

CREATE TABLE `flight_reserved_seats` (
  `id` int(11) NOT NULL,
  `class_id` int(11) DEFAULT NULL,
  `seat_number` varchar(10) DEFAULT NULL,
  `booking_id` int(11) DEFAULT NULL,
  `passenger_id` int(11) DEFAULT NULL,
  `reserved_at` datetime DEFAULT current_timestamp()
) ENGINE=InnoDB DEFAULT CHARSET=utf8mb4 COLLATE=utf8mb4_general_ci;

--
-- 傾印資料表的資料 `flight_reserved_seats`
--

INSERT INTO `flight_reserved_seats` (`id`, `class_id`, `seat_number`, `booking_id`, `passenger_id`, `reserved_at`) VALUES
(1, 1, 'A1', 3, 4, '2025-06-29 19:42:28'),
(2, 1, 'A2', 2, 2, '2025-06-29 19:42:28'),
(3, 2, 'A6', 5, 2, '2025-06-29 19:42:28'),
(4, 2, 'A5', 4, 1, '2025-06-29 19:42:28'),
(5, 3, 'A1', 2, 4, '2025-06-29 19:42:28'),
(6, 3, 'A5', 5, 1, '2025-06-29 19:42:28'),
(7, 4, 'A2', 5, 7, '2025-06-29 19:42:28'),
(8, 4, 'A2', 4, 10, '2025-06-29 19:42:28'),
(9, 5, 'A1', 2, 7, '2025-06-29 19:42:28'),
(10, 5, 'A3', 3, 3, '2025-06-29 19:42:28'),
(11, 6, 'A3', 1, 2, '2025-06-29 19:42:28'),
(12, 6, 'A4', 1, 6, '2025-06-29 19:42:28'),
(13, 7, 'A5', 3, 1, '2025-06-29 19:42:28'),
(14, 7, 'A6', 4, 9, '2025-06-29 19:42:28'),
(15, 8, 'A4', 1, 9, '2025-06-29 19:42:28'),
(16, 8, 'A3', 5, 6, '2025-06-29 19:42:28'),
(17, 9, 'A2', 1, 1, '2025-06-29 19:42:28'),
(18, 9, 'A6', 2, 5, '2025-06-29 19:42:28'),
(19, 10, 'A2', 1, 7, '2025-06-29 19:42:28'),
(20, 10, 'A3', 4, 6, '2025-06-29 19:42:28'),
(21, 11, 'A3', 3, 4, '2025-06-29 19:42:28'),
(22, 11, 'A6', 3, 2, '2025-06-29 19:42:28'),
(23, 12, 'A6', 2, 9, '2025-06-29 19:42:28'),
(24, 12, 'A6', 2, 3, '2025-06-29 19:42:28'),
(25, 13, 'A4', 3, 9, '2025-06-29 19:42:28'),
(26, 13, 'A2', 3, 1, '2025-06-29 19:42:28'),
(27, 14, 'A1', 3, 7, '2025-06-29 19:42:28'),
(28, 14, 'A3', 1, 4, '2025-06-29 19:42:28'),
(29, 15, 'A6', 3, 4, '2025-06-29 19:42:28'),
(30, 15, 'A6', 4, 7, '2025-06-29 19:42:28'),
(31, 16, 'A4', 2, 5, '2025-06-29 19:42:28'),
(32, 16, 'A2', 2, 9, '2025-06-29 19:42:28'),
(33, 17, 'A3', 5, 7, '2025-06-29 19:42:29'),
(34, 17, 'A5', 4, 6, '2025-06-29 19:42:29'),
(35, 18, 'A2', 5, 8, '2025-06-29 19:42:29'),
(36, 18, 'A1', 1, 2, '2025-06-29 19:42:29'),
(37, 19, 'A6', 2, 7, '2025-06-29 19:42:29'),
(38, 19, 'A5', 1, 7, '2025-06-29 19:42:29'),
(39, 20, 'A5', 4, 9, '2025-06-29 19:42:29'),
(40, 20, 'A3', 5, 1, '2025-06-29 19:42:29'),
(41, 21, 'A6', 5, 5, '2025-06-29 19:42:29'),
(42, 21, 'A6', 3, 2, '2025-06-29 19:42:29'),
(43, 22, 'A4', 2, 8, '2025-06-29 19:42:29'),
(44, 22, 'A1', 3, 9, '2025-06-29 19:42:29'),
(45, 23, 'A5', 1, 5, '2025-06-29 19:42:29'),
(46, 23, 'A6', 5, 10, '2025-06-29 19:42:29'),
(47, 24, 'A2', 3, 3, '2025-06-29 19:42:29'),
(48, 24, 'A5', 5, 1, '2025-06-29 19:42:29');

-- --------------------------------------------------------

--
-- 資料表結構 `passenger_info`
--

CREATE TABLE `passenger_info` (
  `id` int(11) NOT NULL,
  `booking_id` int(11) DEFAULT NULL,
  `user_id` int(11) DEFAULT NULL,
  `email` varchar(30) DEFAULT NULL,
  `full_name` varchar(30) DEFAULT NULL,
  `passport_number` varchar(30) DEFAULT NULL,
  `passport_expiry` date DEFAULT NULL,
  `nationality` varchar(15) DEFAULT NULL,
  `birthday` date DEFAULT NULL
) ENGINE=InnoDB DEFAULT CHARSET=utf8mb4 COLLATE=utf8mb4_general_ci;

--
-- 傾印資料表的資料 `passenger_info`
--

INSERT INTO `passenger_info` (`id`, `booking_id`, `user_id`, `email`, `full_name`, `passport_number`, `passport_expiry`, `nationality`, `birthday`) VALUES
(1, 1, 8, 'passenger1@mail.com', 'CHIH-YU, LIN ', 'E1908841', '2028-12-31', 'TW', '1985-06-12'),
(2, 2, 2, 'passenger2@mail.com', 'MEI-HSIU, TSAI ', 'E2016911', '2028-12-31', 'TW', '1992-11-23'),
(3, 3, 7, 'passenger3@mail.com', 'WEI-TING, HUANG  ', 'E6692553', '2028-12-31', 'TW', '1988-03-30'),
(4, 4, 2, 'passenger4@mail.com', 'JUN-YI, CHEN  ', 'E5171761', '2028-12-31', 'TW', '1990-07-15'),
(5, 5, 4, 'passenger5@mail.com', 'SHU-HUA, LIU', 'E4191175', '2028-12-31', 'TW', '1999-01-08'),
(6, 6, 9, 'passenger6@mail.com', 'YI-CHUN, CHANG  ', 'E8526486', '2028-12-31', 'TW', '1998-05-19'),
(7, 7, 3, 'passenger7@mail.com', 'HSIN-JU, KUO ', 'E8077999', '2028-12-31', 'TW', '1983-12-04'),
(8, 8, 3, 'passenger8@mail.com', 'CHUN-HSIANG, WU ', 'E5673212', '2028-12-31', 'TW', '1991-08-25'),
(9, 9, 8, 'passenger9@mail.com', 'YEN-LING, FANG  ', 'E5191056', '2028-12-31', 'TW', '2003-09-17'),
(10, 10, 2, 'passenger10@mail.com', 'TZU-YU, HSU', 'E8434500', '2028-12-31', 'TW', '2000-02-14');

-- --------------------------------------------------------

--
-- 資料表結構 `payments`
--

CREATE TABLE `payments` (
  `id` int(11) NOT NULL,
  `booking_id` int(11) DEFAULT NULL,
  `amount` int(11) DEFAULT NULL,
  `paid_at` datetime DEFAULT NULL,
  `method` enum('creditcard') DEFAULT NULL,
  `status` enum('success','fail','pending') DEFAULT NULL,
  `transaction_id` varchar(30) DEFAULT NULL
) ENGINE=InnoDB DEFAULT CHARSET=utf8mb4 COLLATE=utf8mb4_general_ci;

--
-- 傾印資料表的資料 `payments`
--

INSERT INTO `payments` (`id`, `booking_id`, `amount`, `paid_at`, `method`, `status`, `transaction_id`) VALUES
(1, 1, 17016, '2025-02-23 12:18:29', 'creditcard', 'success', 'TXN202664'),
(2, 2, 8828, '2025-01-24 12:25:36', 'creditcard', 'success', 'TXN783823'),
(3, 3, 16856, '2025-01-31 14:14:03', 'creditcard', 'success', 'TXN976638'),
(4, 4, 8241, '2025-02-20 23:20:11', 'creditcard', 'success', 'TXN197793'),
(5, 5, 11872, '2025-04-27 14:03:44', 'creditcard', 'success', 'TXN274389'),
(6, 6, 14658, '2025-03-30 16:35:24', 'creditcard', 'success', 'TXN609231'),
(7, 7, 15886, '2025-05-28 22:07:30', 'creditcard', 'success', 'TXN324130'),
(8, 8, 14570, '2025-03-22 13:21:52', 'creditcard', 'success', 'TXN161483'),
(9, 9, 10697, '2025-03-10 04:28:33', 'creditcard', 'success', 'TXN497382'),
(10, 10, 8035, '2025-04-03 07:58:19', 'creditcard', 'success', 'TXN509386');

-- --------------------------------------------------------

--
-- 資料表結構 `saved_passengers`
--

CREATE TABLE `saved_passengers` (
  `id` int(11) NOT NULL,
  `user_id` int(11) DEFAULT NULL,
  `name` varchar(50) DEFAULT NULL,
  `email` varchar(100) DEFAULT NULL,
  `passport_number` varchar(30) DEFAULT NULL,
  `passport_expiry` date DEFAULT NULL,
  `nationality` varchar(15) DEFAULT NULL
) ENGINE=InnoDB DEFAULT CHARSET=utf8mb4 COLLATE=utf8mb4_general_ci;

-- --------------------------------------------------------

--
-- 資料表結構 `users`
--

CREATE TABLE `users` (
  `id` int(11) NOT NULL,
  `name` varchar(20) DEFAULT NULL,
  `email` varchar(30) DEFAULT NULL,
  `password` varchar(50) DEFAULT NULL,
  `phone` varchar(20) DEFAULT NULL,
  `passport_name` varchar(30) DEFAULT NULL,
  `created_at` datetime DEFAULT current_timestamp(),
  `birthday` date DEFAULT NULL
) ENGINE=InnoDB DEFAULT CHARSET=utf8mb4 COLLATE=utf8mb4_general_ci;

--
-- 傾印資料表的資料 `users`
--

INSERT INTO `users` (`id`, `name`, `email`, `password`, `phone`, `passport_name`, `created_at`, `birthday`) VALUES
(1, '羅雅琪', 'yongpan@jiang.tw', 'uK0fBqL7F#', '0948020330', 'YA-CHI, LUO', '2025-05-10 01:25:42', '2005-08-04'),
(2, '馬怡君', 'yangyao@gmail.com', 'y1BKQKyT!t', '0938339178', 'YI-CHUN, MA', '2025-04-27 15:14:17', '1967-03-14'),
(3, '吳雅涵', 'qhan@xiang.tw', 'nA64Frg**D', '0989947186', 'YA-HAN, WU', '2025-01-25 02:36:07', '1983-05-08'),
(4, '陳佳樺', 'gangqiu@gmail.com', '(4rp9C*d26', '0971812068', 'CHIA-HUA, CHEN', '2025-05-09 23:06:53', '1999-09-29'),
(5, '李雅婷', 'jing35@kong.tw', '2Rb8MgD2!9', '0909382095', 'YA-TING, LI', '2025-02-06 08:11:24', '1964-08-04'),
(6, '李志偉', 'xxia@gmail.com', '(+VOrOvRf1', '0978652993', 'CHIH-WEI, LI', '2025-02-22 21:54:28', '1977-07-10'),
(7, '王佳蓉', 'tao51@yu.tw', 'sTE9wBt2)$', '0923219154', 'CHIA-JUNG, WANG', '2025-01-26 07:42:42', '2006-12-02'),
(8, '陳怡如', 'yansun@cai.tw', '%QUB7gRmpd', '0988568403', 'YI-RU, CHEN', '2025-04-13 02:20:52', '1974-12-23'),
(9, '周宇軒', 'zhuxiulan@qian.com', '))!6Z^a+5J', '0944753701', 'YU-HSUAN, CHOU', '2025-02-17 08:37:01', '1971-07-14'),
(10, '王彥廷', 'caijun@gmail.com', '^H17(k(tb5', '0982776497', 'YAN-TING, WANG', '2025-06-21 06:14:52', '1972-02-08');

--
-- 已傾印資料表的索引
--

--
-- 資料表索引 `addons`
--
ALTER TABLE `addons`
  ADD PRIMARY KEY (`id`);

--
-- 資料表索引 `admin`
--
ALTER TABLE `admin`
  ADD PRIMARY KEY (`id`),
  ADD UNIQUE KEY `username` (`acc`);

--
-- 資料表索引 `booking`
--
ALTER TABLE `booking`
  ADD PRIMARY KEY (`id`),
  ADD KEY `user_id` (`user_id`),
  ADD KEY `fk_booking_class_depart` (`class_depart_id`),
  ADD KEY `fk_booking_class_return` (`class_return_id`);

--
-- 資料表索引 `booking_addons`
--
ALTER TABLE `booking_addons`
  ADD PRIMARY KEY (`id`),
  ADD KEY `addon_id` (`addon_id`),
  ADD KEY `fk_addons_booking` (`booking_id`);

--
-- 資料表索引 `flights`
--
ALTER TABLE `flights`
  ADD PRIMARY KEY (`id`);

--
-- 資料表索引 `flight_classes`
--
ALTER TABLE `flight_classes`
  ADD PRIMARY KEY (`id`);

--
-- 資料表索引 `flight_reserved_seats`
--
ALTER TABLE `flight_reserved_seats`
  ADD PRIMARY KEY (`id`),
  ADD KEY `fk_seat_class` (`class_id`),
  ADD KEY `fk_seat_booking` (`booking_id`),
  ADD KEY `fk_seat_passenger` (`passenger_id`);

--
-- 資料表索引 `passenger_info`
--
ALTER TABLE `passenger_info`
  ADD PRIMARY KEY (`id`),
  ADD KEY `user_id` (`user_id`),
  ADD KEY `fk_passenger_booking` (`booking_id`);

--
-- 資料表索引 `payments`
--
ALTER TABLE `payments`
  ADD PRIMARY KEY (`id`),
  ADD KEY `booking_id` (`booking_id`);

--
-- 資料表索引 `saved_passengers`
--
ALTER TABLE `saved_passengers`
  ADD PRIMARY KEY (`id`),
  ADD KEY `user_id` (`user_id`);

--
-- 資料表索引 `users`
--
ALTER TABLE `users`
  ADD PRIMARY KEY (`id`),
  ADD UNIQUE KEY `email` (`email`);

--
-- 在傾印的資料表使用自動遞增(AUTO_INCREMENT)
--

--
-- 使用資料表自動遞增(AUTO_INCREMENT) `addons`
--
ALTER TABLE `addons`
  MODIFY `id` int(11) NOT NULL AUTO_INCREMENT, AUTO_INCREMENT=6;

--
-- 使用資料表自動遞增(AUTO_INCREMENT) `admin`
--
ALTER TABLE `admin`
  MODIFY `id` int(11) NOT NULL AUTO_INCREMENT, AUTO_INCREMENT=2;

--
-- 使用資料表自動遞增(AUTO_INCREMENT) `booking`
--
ALTER TABLE `booking`
  MODIFY `id` int(11) NOT NULL AUTO_INCREMENT, AUTO_INCREMENT=21;

--
-- 使用資料表自動遞增(AUTO_INCREMENT) `booking_addons`
--
ALTER TABLE `booking_addons`
  MODIFY `id` int(11) NOT NULL AUTO_INCREMENT, AUTO_INCREMENT=12;

--
-- 使用資料表自動遞增(AUTO_INCREMENT) `flight_classes`
--
ALTER TABLE `flight_classes`
  MODIFY `id` int(11) NOT NULL AUTO_INCREMENT, AUTO_INCREMENT=1489;

--
-- 使用資料表自動遞增(AUTO_INCREMENT) `flight_reserved_seats`
--
ALTER TABLE `flight_reserved_seats`
  MODIFY `id` int(11) NOT NULL AUTO_INCREMENT, AUTO_INCREMENT=49;

--
-- 使用資料表自動遞增(AUTO_INCREMENT) `passenger_info`
--
ALTER TABLE `passenger_info`
  MODIFY `id` int(11) NOT NULL AUTO_INCREMENT, AUTO_INCREMENT=11;

--
-- 使用資料表自動遞增(AUTO_INCREMENT) `payments`
--
ALTER TABLE `payments`
  MODIFY `id` int(11) NOT NULL AUTO_INCREMENT, AUTO_INCREMENT=11;

--
-- 使用資料表自動遞增(AUTO_INCREMENT) `saved_passengers`
--
ALTER TABLE `saved_passengers`
  MODIFY `id` int(11) NOT NULL AUTO_INCREMENT;

--
-- 使用資料表自動遞增(AUTO_INCREMENT) `users`
--
ALTER TABLE `users`
  MODIFY `id` int(11) NOT NULL AUTO_INCREMENT, AUTO_INCREMENT=11;

--
-- 已傾印資料表的限制式
--

--
-- 資料表的限制式 `booking`
--
ALTER TABLE `booking`
  ADD CONSTRAINT `booking_ibfk_1` FOREIGN KEY (`user_id`) REFERENCES `users` (`id`),
  ADD CONSTRAINT `booking_ibfk_2` FOREIGN KEY (`class_depart_id`) REFERENCES `flight_classes` (`id`),
  ADD CONSTRAINT `booking_ibfk_3` FOREIGN KEY (`class_return_id`) REFERENCES `flight_classes` (`id`),
  ADD CONSTRAINT `fk_booking_class_depart` FOREIGN KEY (`class_depart_id`) REFERENCES `flight_classes` (`id`) ON DELETE CASCADE,
  ADD CONSTRAINT `fk_booking_class_return` FOREIGN KEY (`class_return_id`) REFERENCES `flight_classes` (`id`) ON DELETE CASCADE;

--
-- 資料表的限制式 `booking_addons`
--
ALTER TABLE `booking_addons`
  ADD CONSTRAINT `booking_addons_ibfk_1` FOREIGN KEY (`booking_id`) REFERENCES `booking` (`id`),
  ADD CONSTRAINT `booking_addons_ibfk_2` FOREIGN KEY (`addon_id`) REFERENCES `addons` (`id`),
  ADD CONSTRAINT `fk_addons_booking` FOREIGN KEY (`booking_id`) REFERENCES `booking` (`id`) ON DELETE CASCADE;

--
-- 資料表的限制式 `flight_classes`
--
ALTER TABLE `flight_classes`
  ADD CONSTRAINT `fk_class_flight` FOREIGN KEY (`flight_id`) REFERENCES `flights` (`id`) ON DELETE CASCADE,
  ADD CONSTRAINT `flight_classes_ibfk_1` FOREIGN KEY (`flight_id`) REFERENCES `flights` (`id`);

--
-- 資料表的限制式 `flight_reserved_seats`
--
ALTER TABLE `flight_reserved_seats`
  ADD CONSTRAINT `fk_seat_booking` FOREIGN KEY (`booking_id`) REFERENCES `booking` (`id`) ON DELETE CASCADE,
  ADD CONSTRAINT `fk_seat_class` FOREIGN KEY (`class_id`) REFERENCES `flight_classes` (`id`) ON DELETE CASCADE,
  ADD CONSTRAINT `fk_seat_passenger` FOREIGN KEY (`passenger_id`) REFERENCES `passenger_info` (`id`) ON DELETE SET NULL,
  ADD CONSTRAINT `flight_reserved_seats_ibfk_1` FOREIGN KEY (`class_id`) REFERENCES `flight_classes` (`id`),
  ADD CONSTRAINT `flight_reserved_seats_ibfk_2` FOREIGN KEY (`booking_id`) REFERENCES `booking` (`id`);

--
-- 資料表的限制式 `passenger_info`
--
ALTER TABLE `passenger_info`
  ADD CONSTRAINT `fk_passenger_booking` FOREIGN KEY (`booking_id`) REFERENCES `booking` (`id`) ON DELETE CASCADE,
  ADD CONSTRAINT `passenger_info_ibfk_1` FOREIGN KEY (`booking_id`) REFERENCES `booking` (`id`),
  ADD CONSTRAINT `passenger_info_ibfk_2` FOREIGN KEY (`user_id`) REFERENCES `users` (`id`);

--
-- 資料表的限制式 `payments`
--
ALTER TABLE `payments`
  ADD CONSTRAINT `payments_ibfk_1` FOREIGN KEY (`booking_id`) REFERENCES `booking` (`id`);

--
-- 資料表的限制式 `saved_passengers`
--
ALTER TABLE `saved_passengers`
  ADD CONSTRAINT `saved_passengers_ibfk_1` FOREIGN KEY (`user_id`) REFERENCES `users` (`id`);
COMMIT;

/*!40101 SET CHARACTER_SET_CLIENT=@OLD_CHARACTER_SET_CLIENT */;
/*!40101 SET CHARACTER_SET_RESULTS=@OLD_CHARACTER_SET_RESULTS */;
/*!40101 SET COLLATION_CONNECTION=@OLD_COLLATION_CONNECTION */;
