-- phpMyAdmin SQL Dump
-- version 5.2.1
-- https://www.phpmyadmin.net/
--
-- 主機： 127.0.0.1:3307
-- 產生時間： 2025-07-15 13:07:04
-- 伺服器版本： 10.4.32-MariaDB
-- PHP 版本： 8.2.12

SET SQL_MODE = "NO_AUTO_VALUE_ON_ZERO";
START TRANSACTION;
SET time_zone = "+00:00";


/*!40101 SET @OLD_CHARACTER_SET_CLIENT=@@CHARACTER_SET_CLIENT */;
/*!40101 SET @OLD_CHARACTER_SET_RESULTS=@@CHARACTER_SET_RESULTS */;
/*!40101 SET @OLD_COLLATION_CONNECTION=@@COLLATION_CONNECTION */;
/*!40101 SET NAMES utf8mb4 */;

--
-- 資料庫： `plane`
--

-- --------------------------------------------------------

--
-- 資料表結構 `addons`
--

CREATE TABLE `addons` (
  `id` int(11) NOT NULL,
  `name` varchar(30) DEFAULT NULL,
  `type` enum('meal','baggage') DEFAULT NULL,
  `price` int(11) DEFAULT NULL,
  `is_deleted` tinyint(1) NOT NULL DEFAULT 0
) ENGINE=InnoDB DEFAULT CHARSET=utf8mb4 COLLATE=utf8mb4_general_ci;

--
-- 傾印資料表的資料 `addons`
--

INSERT INTO `addons` (`id`, `name`, `type`, `price`, `is_deleted`) VALUES
(1, 'meat-based', 'meal', 200, 0),
(2, 'vegetarian', 'meal', 200, 0),
(3, 'Extra Baggage 10kg', 'baggage', 500, 0),
(4, 'Extra Baggage 15kg', 'baggage', 1000, 0),
(5, 'Extra Baggage 20kg', 'baggage', 1500, 0);

-- --------------------------------------------------------

--
-- 資料表結構 `admin`
--

CREATE TABLE `admin` (
  `id` int(11) NOT NULL,
  `acc` varchar(20) DEFAULT NULL,
  `pwd` varchar(50) DEFAULT NULL
) ENGINE=InnoDB DEFAULT CHARSET=utf8mb4 COLLATE=utf8mb4_general_ci;

--
-- 傾印資料表的資料 `admin`
--

INSERT INTO `admin` (`id`, `acc`, `pwd`) VALUES
(1, 'admin', '16d7a4fca7442dda3ad93c9a726597e4');

-- --------------------------------------------------------

--
-- 資料表結構 `booking`
--

CREATE TABLE `booking` (
  `id` int(11) NOT NULL,
  `user_id` int(11) DEFAULT NULL,
  `order_no` varchar(20) NOT NULL,
  `class_depart_id` int(11) DEFAULT NULL,
  `class_return_id` int(11) DEFAULT NULL,
  `total_price` int(11) DEFAULT NULL,
  `created_at` datetime DEFAULT current_timestamp()
) ENGINE=InnoDB DEFAULT CHARSET=utf8mb4 COLLATE=utf8mb4_general_ci;

--
-- 傾印資料表的資料 `booking`
--

INSERT INTO `booking` (`id`, `user_id`, `order_no`, `class_depart_id`, `class_return_id`, `total_price`, `created_at`) VALUES
(1, 10, 'ORD20250416001', 6, 8, 8319, '2025-04-16 21:41:38'),
(2, 2, 'ORD20250528001', 6, 5, 11923, '2025-05-28 13:36:05'),
(3, 1, 'ORD20250324001', 4, 10, 9290, '2025-03-24 20:55:34'),
(4, 2, 'ORD20250409001', 8, 2, 16727, '2025-04-09 03:00:12'),
(5, 3, 'ORD20250615001', 3, 8, 17007, '2025-06-15 04:18:07'),
(6, 3, 'ORD20250616001', 5, 9, 17938, '2025-06-16 05:05:46'),
(7, 7, 'ORD20250622001', 4, 9, 11295, '2025-06-22 10:35:26'),
(8, 5, 'ORD20250409002', 7, 6, 15177, '2025-04-09 09:15:17'),
(9, 9, 'ORD20250611001', 8, 2, 12061, '2025-06-11 20:36:03'),
(10, 4, 'ORD20250603001', 2, 6, 8344, '2025-06-03 16:25:02'),
(11, 1, 'ORD20250701001', 29, NULL, 5800, '2025-07-01 10:15:00'),
(12, 2, 'ORD20250702001', 15, NULL, 6200, '2025-07-02 11:30:00'),
(13, 3, 'ORD20250703001', 51, 15, 5500, '2025-07-03 09:00:00'),
(14, 4, 'ORD20250703002', 19, 15, 5800, '2025-07-03 13:45:00'),
(15, 5, 'ORD20250704001', 21, NULL, 7500, '2025-07-04 08:20:00'),
(16, 6, 'ORD20250705001', 13, NULL, 7900, '2025-07-05 16:10:00'),
(17, 7, 'ORD20250706001', 19, NULL, 6200, '2025-07-06 14:50:00'),
(18, 8, 'ORD20250706002', 17, NULL, 5500, '2025-07-06 18:00:00'),
(19, 9, 'ORD20250707001', 13, NULL, 8800, '2025-07-07 10:05:00'),
(20, 10, 'ORD20250707002', 37, NULL, 7500, '2025-07-07 11:20:00');

-- --------------------------------------------------------

--
-- 資料表結構 `booking_addons`
--

CREATE TABLE `booking_addons` (
  `id` int(11) NOT NULL,
  `booking_id` int(11) DEFAULT NULL,
  `segment` enum('depart','return') DEFAULT NULL,
  `addon_id` int(11) DEFAULT NULL,
  `quantity` int(11) DEFAULT NULL,
  `unit_price` decimal(10,2) DEFAULT NULL,
  `total_price` decimal(10,0) DEFAULT NULL
) ENGINE=InnoDB DEFAULT CHARSET=utf8mb4 COLLATE=utf8mb4_general_ci;

--
-- 傾印資料表的資料 `booking_addons`
--

INSERT INTO `booking_addons` (`id`, `booking_id`, `segment`, `addon_id`, `quantity`, `unit_price`, `total_price`) VALUES
(1, 10, 'return', 2, 1, 212.00, 212),
(2, 1, 'depart', 1, 1, 130.00, 130),
(3, 3, 'return', 1, 1, 116.00, 116),
(4, 6, 'depart', 1, 1, 363.00, 363),
(5, 4, 'return', 3, 1, 348.00, 348),
(6, 4, 'depart', 2, 1, 392.00, 392),
(7, 10, 'return', 1, 1, 224.00, 224),
(8, 8, 'depart', 3, 1, 197.00, 197),
(9, 2, 'return', 1, 1, 320.00, 320),
(10, 6, 'depart', 3, 1, 310.00, 310),
(11, 4, 'return', 3, 1, 310.00, 310);

-- --------------------------------------------------------

--
-- 資料表結構 `flights`
--

CREATE TABLE `flights` (
  `id` int(11) NOT NULL,
  `flight_no` varchar(15) DEFAULT NULL,
  `from_airport` varchar(10) DEFAULT NULL,
  `from_airport_name` varchar(20) DEFAULT NULL,
  `to_airport` varchar(10) DEFAULT NULL,
  `to_airport_name` varchar(20) DEFAULT NULL,
  `routes` varchar(15) DEFAULT NULL,
  `departure_time` datetime DEFAULT NULL,
  `arrival_time` datetime DEFAULT NULL,
  `duration` int(11) DEFAULT NULL,
  `direction` enum('outbound','inbound') DEFAULT NULL,
  `is_deleted` int(11) NOT NULL DEFAULT 0
) ENGINE=InnoDB DEFAULT CHARSET=utf8mb4 COLLATE=utf8mb4_general_ci;

--
-- 傾印資料表的資料 `flights`
--

INSERT INTO `flights` (`id`, `flight_no`, `from_airport`, `from_airport_name`, `to_airport`, `to_airport_name`, `routes`, `departure_time`, `arrival_time`, `duration`, `direction`, `is_deleted`) VALUES
(1, 'AIR2000', 'TPE', '臺灣桃園國際機場', 'HND', '東京羽田國際機場', 'TPE-HND', '2025-07-15 08:00:00', '2025-07-15 12:30:00', 210, 'outbound', 0),
(2, 'AIR2001', 'HND', '東京羽田國際機場', 'TPE', '臺灣桃園國際機場', 'HND-TPE', '2025-07-15 17:00:00', '2025-07-15 19:30:00', 210, 'inbound', 0),
(3, 'AIR2002', 'TPE', '臺灣桃園國際機場', 'KIX', '大阪關西國際機場', 'TPE-KIX', '2025-07-15 08:00:00', '2025-07-15 12:00:00', 180, 'outbound', 0),
(4, 'AIR2003', 'KIX', '大阪關西國際機場', 'TPE', '臺灣桃園國際機場', 'KIX-TPE', '2025-07-15 17:00:00', '2025-07-15 19:00:00', 180, 'inbound', 0),
(5, 'AIR2004', 'TPE', '臺灣桃園國際機場', 'CTS', '北海道新千歲機場', 'TPE-CTS', '2025-07-15 08:00:00', '2025-07-15 13:00:00', 240, 'outbound', 0),
(6, 'AIR2005', 'CTS', '北海道新千歲機場', 'TPE', '臺灣桃園國際機場', 'CTS-TPE', '2025-07-15 17:00:00', '2025-07-15 20:00:00', 240, 'inbound', 0),
(7, 'AIR2006', 'TPE', '臺灣桃園國際機場', 'HND', '東京羽田國際機場', 'TPE-HND', '2025-07-16 08:00:00', '2025-07-16 12:30:00', 210, 'outbound', 0),
(8, 'AIR2007', 'HND', '東京羽田國際機場', 'TPE', '臺灣桃園國際機場', 'HND-TPE', '2025-07-16 17:00:00', '2025-07-16 19:30:00', 210, 'inbound', 0),
(9, 'AIR2008', 'TPE', '臺灣桃園國際機場', 'KIX', '大阪關西國際機場', 'TPE-KIX', '2025-07-16 08:00:00', '2025-07-16 12:00:00', 180, 'outbound', 0),
(10, 'AIR2009', 'KIX', '大阪關西國際機場', 'TPE', '臺灣桃園國際機場', 'KIX-TPE', '2025-07-16 17:00:00', '2025-07-16 19:00:00', 180, 'inbound', 0),
(11, 'AIR2010', 'TPE', '臺灣桃園國際機場', 'CTS', '北海道新千歲機場', 'TPE-CTS', '2025-07-16 08:00:00', '2025-07-16 13:00:00', 240, 'outbound', 0),
(12, 'AIR2011', 'CTS', '北海道新千歲機場', 'TPE', '臺灣桃園國際機場', 'CTS-TPE', '2025-07-16 17:00:00', '2025-07-16 20:00:00', 240, 'inbound', 0),
(13, 'AIR2012', 'TPE', '臺灣桃園國際機場', 'HND', '東京羽田國際機場', 'TPE-HND', '2025-07-17 08:00:00', '2025-07-17 12:30:00', 210, 'outbound', 0),
(14, 'AIR2013', 'HND', '東京羽田國際機場', 'TPE', '臺灣桃園國際機場', 'HND-TPE', '2025-07-17 17:00:00', '2025-07-17 19:30:00', 210, 'inbound', 0),
(15, 'AIR2014', 'TPE', '臺灣桃園國際機場', 'KIX', '大阪關西國際機場', 'TPE-KIX', '2025-07-17 08:00:00', '2025-07-17 12:00:00', 180, 'outbound', 0),
(16, 'AIR2015', 'KIX', '大阪關西國際機場', 'TPE', '臺灣桃園國際機場', 'KIX-TPE', '2025-07-17 17:00:00', '2025-07-17 19:00:00', 180, 'inbound', 0),
(17, 'AIR2016', 'TPE', '臺灣桃園國際機場', 'CTS', '北海道新千歲機場', 'TPE-CTS', '2025-07-17 08:00:00', '2025-07-17 13:00:00', 240, 'outbound', 0),
(18, 'AIR2017', 'CTS', '北海道新千歲機場', 'TPE', '臺灣桃園國際機場', 'CTS-TPE', '2025-07-17 17:00:00', '2025-07-17 20:00:00', 240, 'inbound', 0),
(19, 'AIR2018', 'TPE', '臺灣桃園國際機場', 'HND', '東京羽田國際機場', 'TPE-HND', '2025-07-18 08:00:00', '2025-07-18 12:30:00', 210, 'outbound', 0),
(20, 'AIR2019', 'HND', '東京羽田國際機場', 'TPE', '臺灣桃園國際機場', 'HND-TPE', '2025-07-18 17:00:00', '2025-07-18 19:30:00', 210, 'inbound', 0),
(21, 'AIR2020', 'TPE', '臺灣桃園國際機場', 'KIX', '大阪關西國際機場', 'TPE-KIX', '2025-07-18 08:00:00', '2025-07-18 12:00:00', 180, 'outbound', 0),
(22, 'AIR2021', 'KIX', '大阪關西國際機場', 'TPE', '臺灣桃園國際機場', 'KIX-TPE', '2025-07-18 17:00:00', '2025-07-18 19:00:00', 180, 'inbound', 0),
(23, 'AIR2022', 'TPE', '臺灣桃園國際機場', 'CTS', '北海道新千歲機場', 'TPE-CTS', '2025-07-18 08:00:00', '2025-07-18 13:00:00', 240, 'outbound', 0),
(24, 'AIR2023', 'CTS', '北海道新千歲機場', 'TPE', '臺灣桃園國際機場', 'CTS-TPE', '2025-07-18 17:00:00', '2025-07-18 20:00:00', 240, 'inbound', 0),
(25, 'AIR2024', 'TPE', '臺灣桃園國際機場', 'HND', '東京羽田國際機場', 'TPE-HND', '2025-07-19 08:00:00', '2025-07-19 12:30:00', 210, 'outbound', 0),
(26, 'AIR2025', 'HND', '東京羽田國際機場', 'TPE', '臺灣桃園國際機場', 'HND-TPE', '2025-07-19 17:00:00', '2025-07-19 19:30:00', 210, 'inbound', 0),
(27, 'AIR2026', 'TPE', '臺灣桃園國際機場', 'KIX', '大阪關西國際機場', 'TPE-KIX', '2025-07-19 08:00:00', '2025-07-19 12:00:00', 180, 'outbound', 0),
(28, 'AIR2027', 'KIX', '大阪關西國際機場', 'TPE', '臺灣桃園國際機場', 'KIX-TPE', '2025-07-19 17:00:00', '2025-07-19 19:00:00', 180, 'inbound', 0),
(29, 'AIR2028', 'TPE', '臺灣桃園國際機場', 'CTS', '北海道新千歲機場', 'TPE-CTS', '2025-07-19 08:00:00', '2025-07-19 13:00:00', 240, 'outbound', 0),
(30, 'AIR2029', 'CTS', '北海道新千歲機場', 'TPE', '臺灣桃園國際機場', 'CTS-TPE', '2025-07-19 17:00:00', '2025-07-19 20:00:00', 240, 'inbound', 0),
(31, 'AIR2030', 'TPE', '臺灣桃園國際機場', 'HND', '東京羽田國際機場', 'TPE-HND', '2025-07-20 08:00:00', '2025-07-20 12:30:00', 210, 'outbound', 0),
(32, 'AIR2031', 'HND', '東京羽田國際機場', 'TPE', '臺灣桃園國際機場', 'HND-TPE', '2025-07-20 17:00:00', '2025-07-20 19:30:00', 210, 'inbound', 0),
(33, 'AIR2032', 'TPE', '臺灣桃園國際機場', 'KIX', '大阪關西國際機場', 'TPE-KIX', '2025-07-20 08:00:00', '2025-07-20 12:00:00', 180, 'outbound', 0),
(34, 'AIR2033', 'KIX', '大阪關西國際機場', 'TPE', '臺灣桃園國際機場', 'KIX-TPE', '2025-07-20 17:00:00', '2025-07-20 19:00:00', 180, 'inbound', 0),
(35, 'AIR2034', 'TPE', '臺灣桃園國際機場', 'CTS', '北海道新千歲機場', 'TPE-CTS', '2025-07-20 08:00:00', '2025-07-20 13:00:00', 240, 'outbound', 0),
(36, 'AIR2035', 'CTS', '北海道新千歲機場', 'TPE', '臺灣桃園國際機場', 'CTS-TPE', '2025-07-20 17:00:00', '2025-07-20 20:00:00', 240, 'inbound', 0),
(37, 'AIR2036', 'TPE', '臺灣桃園國際機場', 'HND', '東京羽田國際機場', 'TPE-HND', '2025-07-21 08:00:00', '2025-07-21 12:30:00', 210, 'outbound', 0),
(38, 'AIR2037', 'HND', '東京羽田國際機場', 'TPE', '臺灣桃園國際機場', 'HND-TPE', '2025-07-21 17:00:00', '2025-07-21 19:30:00', 210, 'inbound', 0),
(39, 'AIR2038', 'TPE', '臺灣桃園國際機場', 'KIX', '大阪關西國際機場', 'TPE-KIX', '2025-07-21 08:00:00', '2025-07-21 12:00:00', 180, 'outbound', 0),
(40, 'AIR2039', 'KIX', '大阪關西國際機場', 'TPE', '臺灣桃園國際機場', 'KIX-TPE', '2025-07-21 17:00:00', '2025-07-21 19:00:00', 180, 'inbound', 0),
(41, 'AIR2040', 'TPE', '臺灣桃園國際機場', 'CTS', '北海道新千歲機場', 'TPE-CTS', '2025-07-21 08:00:00', '2025-07-21 13:00:00', 240, 'outbound', 0),
(42, 'AIR2041', 'CTS', '北海道新千歲機場', 'TPE', '臺灣桃園國際機場', 'CTS-TPE', '2025-07-21 17:00:00', '2025-07-21 20:00:00', 240, 'inbound', 0),
(43, 'AIR2042', 'TPE', '臺灣桃園國際機場', 'HND', '東京羽田國際機場', 'TPE-HND', '2025-07-22 08:00:00', '2025-07-22 12:30:00', 210, 'outbound', 0),
(44, 'AIR2043', 'HND', '東京羽田國際機場', 'TPE', '臺灣桃園國際機場', 'HND-TPE', '2025-07-22 17:00:00', '2025-07-22 19:30:00', 210, 'inbound', 0),
(45, 'AIR2044', 'TPE', '臺灣桃園國際機場', 'KIX', '大阪關西國際機場', 'TPE-KIX', '2025-07-22 08:00:00', '2025-07-22 12:00:00', 180, 'outbound', 0),
(46, 'AIR2045', 'KIX', '大阪關西國際機場', 'TPE', '臺灣桃園國際機場', 'KIX-TPE', '2025-07-22 17:00:00', '2025-07-22 19:00:00', 180, 'inbound', 0),
(47, 'AIR2046', 'TPE', '臺灣桃園國際機場', 'CTS', '北海道新千歲機場', 'TPE-CTS', '2025-07-22 08:00:00', '2025-07-22 13:00:00', 240, 'outbound', 0),
(48, 'AIR2047', 'CTS', '北海道新千歲機場', 'TPE', '臺灣桃園國際機場', 'CTS-TPE', '2025-07-22 17:00:00', '2025-07-22 20:00:00', 240, 'inbound', 0),
(49, 'AIR2048', 'TPE', '臺灣桃園國際機場', 'HND', '東京羽田國際機場', 'TPE-HND', '2025-07-23 08:00:00', '2025-07-23 12:30:00', 210, 'outbound', 0),
(50, 'AIR2049', 'HND', '東京羽田國際機場', 'TPE', '臺灣桃園國際機場', 'HND-TPE', '2025-07-23 17:00:00', '2025-07-23 19:30:00', 210, 'inbound', 0),
(51, 'AIR2050', 'TPE', '臺灣桃園國際機場', 'KIX', '大阪關西國際機場', 'TPE-KIX', '2025-07-23 08:00:00', '2025-07-23 12:00:00', 180, 'outbound', 0),
(52, 'AIR2051', 'KIX', '大阪關西國際機場', 'TPE', '臺灣桃園國際機場', 'KIX-TPE', '2025-07-23 17:00:00', '2025-07-23 19:00:00', 180, 'inbound', 0),
(53, 'AIR2052', 'TPE', '臺灣桃園國際機場', 'CTS', '北海道新千歲機場', 'TPE-CTS', '2025-07-23 08:00:00', '2025-07-23 13:00:00', 240, 'outbound', 0),
(54, 'AIR2053', 'CTS', '北海道新千歲機場', 'TPE', '臺灣桃園國際機場', 'CTS-TPE', '2025-07-23 17:00:00', '2025-07-23 20:00:00', 240, 'inbound', 0),
(55, 'AIR2054', 'TPE', '臺灣桃園國際機場', 'HND', '東京羽田國際機場', 'TPE-HND', '2025-07-24 08:00:00', '2025-07-24 12:30:00', 210, 'outbound', 0),
(56, 'AIR2055', 'HND', '東京羽田國際機場', 'TPE', '臺灣桃園國際機場', 'HND-TPE', '2025-07-24 17:00:00', '2025-07-24 19:30:00', 210, 'inbound', 0),
(57, 'AIR2056', 'TPE', '臺灣桃園國際機場', 'KIX', '大阪關西國際機場', 'TPE-KIX', '2025-07-24 08:00:00', '2025-07-24 12:00:00', 180, 'outbound', 0),
(58, 'AIR2057', 'KIX', '大阪關西國際機場', 'TPE', '臺灣桃園國際機場', 'KIX-TPE', '2025-07-24 17:00:00', '2025-07-24 19:00:00', 180, 'inbound', 0),
(59, 'AIR2058', 'TPE', '臺灣桃園國際機場', 'CTS', '北海道新千歲機場', 'TPE-CTS', '2025-07-24 08:00:00', '2025-07-24 13:00:00', 240, 'outbound', 0),
(60, 'AIR2059', 'CTS', '北海道新千歲機場', 'TPE', '臺灣桃園國際機場', 'CTS-TPE', '2025-07-24 17:00:00', '2025-07-24 20:00:00', 240, 'inbound', 0),
(61, 'AIR2060', 'TPE', '臺灣桃園國際機場', 'HND', '東京羽田國際機場', 'TPE-HND', '2025-07-25 08:00:00', '2025-07-25 12:30:00', 210, 'outbound', 0),
(62, 'AIR2061', 'HND', '東京羽田國際機場', 'TPE', '臺灣桃園國際機場', 'HND-TPE', '2025-07-25 17:00:00', '2025-07-25 19:30:00', 210, 'inbound', 0),
(63, 'AIR2062', 'TPE', '臺灣桃園國際機場', 'KIX', '大阪關西國際機場', 'TPE-KIX', '2025-07-25 08:00:00', '2025-07-25 12:00:00', 180, 'outbound', 0),
(64, 'AIR2063', 'KIX', '大阪關西國際機場', 'TPE', '臺灣桃園國際機場', 'KIX-TPE', '2025-07-25 17:00:00', '2025-07-25 19:00:00', 180, 'inbound', 0),
(65, 'AIR2064', 'TPE', '臺灣桃園國際機場', 'CTS', '北海道新千歲機場', 'TPE-CTS', '2025-07-25 08:00:00', '2025-07-25 13:00:00', 240, 'outbound', 0),
(66, 'AIR2065', 'CTS', '北海道新千歲機場', 'TPE', '臺灣桃園國際機場', 'CTS-TPE', '2025-07-25 17:00:00', '2025-07-25 20:00:00', 240, 'inbound', 0),
(67, 'AIR2066', 'TPE', '臺灣桃園國際機場', 'HND', '東京羽田國際機場', 'TPE-HND', '2025-07-26 08:00:00', '2025-07-26 12:30:00', 210, 'outbound', 0),
(68, 'AIR2067', 'HND', '東京羽田國際機場', 'TPE', '臺灣桃園國際機場', 'HND-TPE', '2025-07-26 17:00:00', '2025-07-26 19:30:00', 210, 'inbound', 0),
(69, 'AIR2068', 'TPE', '臺灣桃園國際機場', 'KIX', '大阪關西國際機場', 'TPE-KIX', '2025-07-26 08:00:00', '2025-07-26 12:00:00', 180, 'outbound', 0),
(70, 'AIR2069', 'KIX', '大阪關西國際機場', 'TPE', '臺灣桃園國際機場', 'KIX-TPE', '2025-07-26 17:00:00', '2025-07-26 19:00:00', 180, 'inbound', 0),
(71, 'AIR2070', 'TPE', '臺灣桃園國際機場', 'CTS', '北海道新千歲機場', 'TPE-CTS', '2025-07-26 08:00:00', '2025-07-26 13:00:00', 240, 'outbound', 0),
(72, 'AIR2071', 'CTS', '北海道新千歲機場', 'TPE', '臺灣桃園國際機場', 'CTS-TPE', '2025-07-26 17:00:00', '2025-07-26 20:00:00', 240, 'inbound', 0),
(73, 'AIR2072', 'TPE', '臺灣桃園國際機場', 'HND', '東京羽田國際機場', 'TPE-HND', '2025-07-27 08:00:00', '2025-07-27 12:30:00', 210, 'outbound', 0),
(74, 'AIR2073', 'HND', '東京羽田國際機場', 'TPE', '臺灣桃園國際機場', 'HND-TPE', '2025-07-27 17:00:00', '2025-07-27 19:30:00', 210, 'inbound', 0),
(75, 'AIR2074', 'TPE', '臺灣桃園國際機場', 'KIX', '大阪關西國際機場', 'TPE-KIX', '2025-07-27 08:00:00', '2025-07-27 12:00:00', 180, 'outbound', 0),
(76, 'AIR2075', 'KIX', '大阪關西國際機場', 'TPE', '臺灣桃園國際機場', 'KIX-TPE', '2025-07-27 17:00:00', '2025-07-27 19:00:00', 180, 'inbound', 0),
(77, 'AIR2076', 'TPE', '臺灣桃園國際機場', 'CTS', '北海道新千歲機場', 'TPE-CTS', '2025-07-27 08:00:00', '2025-07-27 13:00:00', 240, 'outbound', 0),
(78, 'AIR2077', 'CTS', '北海道新千歲機場', 'TPE', '臺灣桃園國際機場', 'CTS-TPE', '2025-07-27 17:00:00', '2025-07-27 20:00:00', 240, 'inbound', 0),
(79, 'AIR2078', 'TPE', '臺灣桃園國際機場', 'HND', '東京羽田國際機場', 'TPE-HND', '2025-07-28 08:00:00', '2025-07-28 12:30:00', 210, 'outbound', 0),
(80, 'AIR2079', 'HND', '東京羽田國際機場', 'TPE', '臺灣桃園國際機場', 'HND-TPE', '2025-07-28 17:00:00', '2025-07-28 19:30:00', 210, 'inbound', 0),
(81, 'AIR2080', 'TPE', '臺灣桃園國際機場', 'KIX', '大阪關西國際機場', 'TPE-KIX', '2025-07-28 08:00:00', '2025-07-28 12:00:00', 180, 'outbound', 0),
(82, 'AIR2081', 'KIX', '大阪關西國際機場', 'TPE', '臺灣桃園國際機場', 'KIX-TPE', '2025-07-28 17:00:00', '2025-07-28 19:00:00', 180, 'inbound', 0),
(83, 'AIR2082', 'TPE', '臺灣桃園國際機場', 'CTS', '北海道新千歲機場', 'TPE-CTS', '2025-07-28 08:00:00', '2025-07-28 13:00:00', 240, 'outbound', 0),
(84, 'AIR2083', 'CTS', '北海道新千歲機場', 'TPE', '臺灣桃園國際機場', 'CTS-TPE', '2025-07-28 17:00:00', '2025-07-28 20:00:00', 240, 'inbound', 0),
(85, 'AIR2084', 'TPE', '臺灣桃園國際機場', 'HND', '東京羽田國際機場', 'TPE-HND', '2025-07-29 08:00:00', '2025-07-29 12:30:00', 210, 'outbound', 0),
(86, 'AIR2085', 'HND', '東京羽田國際機場', 'TPE', '臺灣桃園國際機場', 'HND-TPE', '2025-07-29 17:00:00', '2025-07-29 19:30:00', 210, 'inbound', 0),
(87, 'AIR2086', 'TPE', '臺灣桃園國際機場', 'KIX', '大阪關西國際機場', 'TPE-KIX', '2025-07-29 08:00:00', '2025-07-29 12:00:00', 180, 'outbound', 0),
(88, 'AIR2087', 'KIX', '大阪關西國際機場', 'TPE', '臺灣桃園國際機場', 'KIX-TPE', '2025-07-29 17:00:00', '2025-07-29 19:00:00', 180, 'inbound', 0),
(89, 'AIR2088', 'TPE', '臺灣桃園國際機場', 'CTS', '北海道新千歲機場', 'TPE-CTS', '2025-07-29 08:00:00', '2025-07-29 13:00:00', 240, 'outbound', 0),
(90, 'AIR2089', 'CTS', '北海道新千歲機場', 'TPE', '臺灣桃園國際機場', 'CTS-TPE', '2025-07-29 17:00:00', '2025-07-29 20:00:00', 240, 'inbound', 0),
(91, 'AIR2090', 'TPE', '臺灣桃園國際機場', 'HND', '東京羽田國際機場', 'TPE-HND', '2025-07-30 08:00:00', '2025-07-30 12:30:00', 210, 'outbound', 0),
(92, 'AIR2091', 'HND', '東京羽田國際機場', 'TPE', '臺灣桃園國際機場', 'HND-TPE', '2025-07-30 17:00:00', '2025-07-30 19:30:00', 210, 'inbound', 0),
(93, 'AIR2092', 'TPE', '臺灣桃園國際機場', 'KIX', '大阪關西國際機場', 'TPE-KIX', '2025-07-30 08:00:00', '2025-07-30 12:00:00', 180, 'outbound', 0),
(94, 'AIR2093', 'KIX', '大阪關西國際機場', 'TPE', '臺灣桃園國際機場', 'KIX-TPE', '2025-07-30 17:00:00', '2025-07-30 19:00:00', 180, 'inbound', 0),
(95, 'AIR2094', 'TPE', '臺灣桃園國際機場', 'CTS', '北海道新千歲機場', 'TPE-CTS', '2025-07-30 08:00:00', '2025-07-30 13:00:00', 240, 'outbound', 0),
(96, 'AIR2095', 'CTS', '北海道新千歲機場', 'TPE', '臺灣桃園國際機場', 'CTS-TPE', '2025-07-30 17:00:00', '2025-07-30 20:00:00', 240, 'inbound', 0),
(97, 'AIR2096', 'TPE', '臺灣桃園國際機場', 'HND', '東京羽田國際機場', 'TPE-HND', '2025-07-31 08:00:00', '2025-07-31 12:30:00', 210, 'outbound', 0),
(98, 'AIR2097', 'HND', '東京羽田國際機場', 'TPE', '臺灣桃園國際機場', 'HND-TPE', '2025-07-31 17:00:00', '2025-07-31 19:30:00', 210, 'inbound', 0),
(99, 'AIR2098', 'TPE', '臺灣桃園國際機場', 'KIX', '大阪關西國際機場', 'TPE-KIX', '2025-07-31 08:00:00', '2025-07-31 12:00:00', 180, 'outbound', 0),
(100, 'AIR2099', 'KIX', '大阪關西國際機場', 'TPE', '臺灣桃園國際機場', 'KIX-TPE', '2025-07-31 17:00:00', '2025-07-31 19:00:00', 180, 'inbound', 0),
(101, 'AIR2100', 'TPE', '臺灣桃園國際機場', 'CTS', '北海道新千歲機場', 'TPE-CTS', '2025-07-31 08:00:00', '2025-07-31 13:00:00', 240, 'outbound', 0),
(102, 'AIR2101', 'CTS', '北海道新千歲機場', 'TPE', '臺灣桃園國際機場', 'CTS-TPE', '2025-07-31 17:00:00', '2025-07-31 20:00:00', 240, 'inbound', 0),
(103, 'AIR2102', 'TPE', '臺灣桃園國際機場', 'HND', '東京羽田國際機場', 'TPE-HND', '2025-08-01 08:00:00', '2025-08-01 12:30:00', 210, 'outbound', 0),
(104, 'AIR2103', 'HND', '東京羽田國際機場', 'TPE', '臺灣桃園國際機場', 'HND-TPE', '2025-08-01 17:00:00', '2025-08-01 19:30:00', 210, 'inbound', 0),
(105, 'AIR2104', 'TPE', '臺灣桃園國際機場', 'KIX', '大阪關西國際機場', 'TPE-KIX', '2025-08-01 08:00:00', '2025-08-01 12:00:00', 180, 'outbound', 0),
(106, 'AIR2105', 'KIX', '大阪關西國際機場', 'TPE', '臺灣桃園國際機場', 'KIX-TPE', '2025-08-01 17:00:00', '2025-08-01 19:00:00', 180, 'inbound', 0),
(107, 'AIR2106', 'TPE', '臺灣桃園國際機場', 'CTS', '北海道新千歲機場', 'TPE-CTS', '2025-08-01 08:00:00', '2025-08-01 13:00:00', 240, 'outbound', 0),
(108, 'AIR2107', 'CTS', '北海道新千歲機場', 'TPE', '臺灣桃園國際機場', 'CTS-TPE', '2025-08-01 17:00:00', '2025-08-01 20:00:00', 240, 'inbound', 0),
(109, 'AIR2108', 'TPE', '臺灣桃園國際機場', 'HND', '東京羽田國際機場', 'TPE-HND', '2025-08-02 08:00:00', '2025-08-02 12:30:00', 210, 'outbound', 0),
(110, 'AIR2109', 'HND', '東京羽田國際機場', 'TPE', '臺灣桃園國際機場', 'HND-TPE', '2025-08-02 17:00:00', '2025-08-02 19:30:00', 210, 'inbound', 0),
(111, 'AIR2110', 'TPE', '臺灣桃園國際機場', 'KIX', '大阪關西國際機場', 'TPE-KIX', '2025-08-02 08:00:00', '2025-08-02 12:00:00', 180, 'outbound', 0),
(112, 'AIR2111', 'KIX', '大阪關西國際機場', 'TPE', '臺灣桃園國際機場', 'KIX-TPE', '2025-08-02 17:00:00', '2025-08-02 19:00:00', 180, 'inbound', 0),
(113, 'AIR2112', 'TPE', '臺灣桃園國際機場', 'CTS', '北海道新千歲機場', 'TPE-CTS', '2025-08-02 08:00:00', '2025-08-02 13:00:00', 240, 'outbound', 0),
(114, 'AIR2113', 'CTS', '北海道新千歲機場', 'TPE', '臺灣桃園國際機場', 'CTS-TPE', '2025-08-02 17:00:00', '2025-08-02 20:00:00', 240, 'inbound', 0),
(115, 'AIR2114', 'TPE', '臺灣桃園國際機場', 'HND', '東京羽田國際機場', 'TPE-HND', '2025-08-03 08:00:00', '2025-08-03 12:30:00', 210, 'outbound', 0),
(116, 'AIR2115', 'HND', '東京羽田國際機場', 'TPE', '臺灣桃園國際機場', 'HND-TPE', '2025-08-03 17:00:00', '2025-08-03 19:30:00', 210, 'inbound', 0),
(117, 'AIR2116', 'TPE', '臺灣桃園國際機場', 'KIX', '大阪關西國際機場', 'TPE-KIX', '2025-08-03 08:00:00', '2025-08-03 12:00:00', 180, 'outbound', 0),
(118, 'AIR2117', 'KIX', '大阪關西國際機場', 'TPE', '臺灣桃園國際機場', 'KIX-TPE', '2025-08-03 17:00:00', '2025-08-03 19:00:00', 180, 'inbound', 0),
(119, 'AIR2118', 'TPE', '臺灣桃園國際機場', 'CTS', '北海道新千歲機場', 'TPE-CTS', '2025-08-03 08:00:00', '2025-08-03 13:00:00', 240, 'outbound', 0),
(120, 'AIR2119', 'CTS', '北海道新千歲機場', 'TPE', '臺灣桃園國際機場', 'CTS-TPE', '2025-08-03 17:00:00', '2025-08-03 20:00:00', 240, 'inbound', 0),
(121, 'AIR2120', 'TPE', '臺灣桃園國際機場', 'HND', '東京羽田國際機場', 'TPE-HND', '2025-08-04 08:00:00', '2025-08-04 12:30:00', 210, 'outbound', 0),
(122, 'AIR2121', 'HND', '東京羽田國際機場', 'TPE', '臺灣桃園國際機場', 'HND-TPE', '2025-08-04 17:00:00', '2025-08-04 19:30:00', 210, 'inbound', 0),
(123, 'AIR2122', 'TPE', '臺灣桃園國際機場', 'KIX', '大阪關西國際機場', 'TPE-KIX', '2025-08-04 08:00:00', '2025-08-04 12:00:00', 180, 'outbound', 0),
(124, 'AIR2123', 'KIX', '大阪關西國際機場', 'TPE', '臺灣桃園國際機場', 'KIX-TPE', '2025-08-04 17:00:00', '2025-08-04 19:00:00', 180, 'inbound', 0),
(125, 'AIR2124', 'TPE', '臺灣桃園國際機場', 'CTS', '北海道新千歲機場', 'TPE-CTS', '2025-08-04 08:00:00', '2025-08-04 13:00:00', 240, 'outbound', 0),
(126, 'AIR2125', 'CTS', '北海道新千歲機場', 'TPE', '臺灣桃園國際機場', 'CTS-TPE', '2025-08-04 17:00:00', '2025-08-04 20:00:00', 240, 'inbound', 0),
(127, 'AIR2126', 'TPE', '臺灣桃園國際機場', 'HND', '東京羽田國際機場', 'TPE-HND', '2025-08-05 08:00:00', '2025-08-05 12:30:00', 210, 'outbound', 0),
(128, 'AIR2127', 'HND', '東京羽田國際機場', 'TPE', '臺灣桃園國際機場', 'HND-TPE', '2025-08-05 17:00:00', '2025-08-05 19:30:00', 210, 'inbound', 0),
(129, 'AIR2128', 'TPE', '臺灣桃園國際機場', 'KIX', '大阪關西國際機場', 'TPE-KIX', '2025-08-05 08:00:00', '2025-08-05 12:00:00', 180, 'outbound', 0),
(130, 'AIR2129', 'KIX', '大阪關西國際機場', 'TPE', '臺灣桃園國際機場', 'KIX-TPE', '2025-08-05 17:00:00', '2025-08-05 19:00:00', 180, 'inbound', 0),
(131, 'AIR2130', 'TPE', '臺灣桃園國際機場', 'CTS', '北海道新千歲機場', 'TPE-CTS', '2025-08-05 08:00:00', '2025-08-05 13:00:00', 240, 'outbound', 0),
(132, 'AIR2131', 'CTS', '北海道新千歲機場', 'TPE', '臺灣桃園國際機場', 'CTS-TPE', '2025-08-05 17:00:00', '2025-08-05 20:00:00', 240, 'inbound', 0),
(133, 'AIR2132', 'TPE', '臺灣桃園國際機場', 'HND', '東京羽田國際機場', 'TPE-HND', '2025-08-06 08:00:00', '2025-08-06 12:30:00', 210, 'outbound', 0),
(134, 'AIR2133', 'HND', '東京羽田國際機場', 'TPE', '臺灣桃園國際機場', 'HND-TPE', '2025-08-06 17:00:00', '2025-08-06 19:30:00', 210, 'inbound', 0),
(135, 'AIR2134', 'TPE', '臺灣桃園國際機場', 'KIX', '大阪關西國際機場', 'TPE-KIX', '2025-08-06 08:00:00', '2025-08-06 12:00:00', 180, 'outbound', 0),
(136, 'AIR2135', 'KIX', '大阪關西國際機場', 'TPE', '臺灣桃園國際機場', 'KIX-TPE', '2025-08-06 17:00:00', '2025-08-06 19:00:00', 180, 'inbound', 0),
(137, 'AIR2136', 'TPE', '臺灣桃園國際機場', 'CTS', '北海道新千歲機場', 'TPE-CTS', '2025-08-06 08:00:00', '2025-08-06 13:00:00', 240, 'outbound', 0),
(138, 'AIR2137', 'CTS', '北海道新千歲機場', 'TPE', '臺灣桃園國際機場', 'CTS-TPE', '2025-08-06 17:00:00', '2025-08-06 20:00:00', 240, 'inbound', 0),
(139, 'AIR2138', 'TPE', '臺灣桃園國際機場', 'HND', '東京羽田國際機場', 'TPE-HND', '2025-08-07 08:00:00', '2025-08-07 12:30:00', 210, 'outbound', 0),
(140, 'AIR2139', 'HND', '東京羽田國際機場', 'TPE', '臺灣桃園國際機場', 'HND-TPE', '2025-08-07 17:00:00', '2025-08-07 19:30:00', 210, 'inbound', 0),
(141, 'AIR2140', 'TPE', '臺灣桃園國際機場', 'KIX', '大阪關西國際機場', 'TPE-KIX', '2025-08-07 08:00:00', '2025-08-07 12:00:00', 180, 'outbound', 0),
(142, 'AIR2141', 'KIX', '大阪關西國際機場', 'TPE', '臺灣桃園國際機場', 'KIX-TPE', '2025-08-07 17:00:00', '2025-08-07 19:00:00', 180, 'inbound', 0),
(143, 'AIR2142', 'TPE', '臺灣桃園國際機場', 'CTS', '北海道新千歲機場', 'TPE-CTS', '2025-08-07 08:00:00', '2025-08-07 13:00:00', 240, 'outbound', 0),
(144, 'AIR2143', 'CTS', '北海道新千歲機場', 'TPE', '臺灣桃園國際機場', 'CTS-TPE', '2025-08-07 17:00:00', '2025-08-07 20:00:00', 240, 'inbound', 0),
(145, 'AIR2144', 'TPE', '臺灣桃園國際機場', 'HND', '東京羽田國際機場', 'TPE-HND', '2025-08-08 08:00:00', '2025-08-08 12:30:00', 210, 'outbound', 0),
(146, 'AIR2145', 'HND', '東京羽田國際機場', 'TPE', '臺灣桃園國際機場', 'HND-TPE', '2025-08-08 17:00:00', '2025-08-08 19:30:00', 210, 'inbound', 0),
(147, 'AIR2146', 'TPE', '臺灣桃園國際機場', 'KIX', '大阪關西國際機場', 'TPE-KIX', '2025-08-08 08:00:00', '2025-08-08 12:00:00', 180, 'outbound', 0),
(148, 'AIR2147', 'KIX', '大阪關西國際機場', 'TPE', '臺灣桃園國際機場', 'KIX-TPE', '2025-08-08 17:00:00', '2025-08-08 19:00:00', 180, 'inbound', 0),
(149, 'AIR2148', 'TPE', '臺灣桃園國際機場', 'CTS', '北海道新千歲機場', 'TPE-CTS', '2025-08-08 08:00:00', '2025-08-08 13:00:00', 240, 'outbound', 0),
(150, 'AIR2149', 'CTS', '北海道新千歲機場', 'TPE', '臺灣桃園國際機場', 'CTS-TPE', '2025-08-08 17:00:00', '2025-08-08 20:00:00', 240, 'inbound', 0),
(151, 'AIR2150', 'TPE', '臺灣桃園國際機場', 'HND', '東京羽田國際機場', 'TPE-HND', '2025-08-09 08:00:00', '2025-08-09 12:30:00', 210, 'outbound', 0),
(152, 'AIR2151', 'HND', '東京羽田國際機場', 'TPE', '臺灣桃園國際機場', 'HND-TPE', '2025-08-09 17:00:00', '2025-08-09 19:30:00', 210, 'inbound', 0),
(153, 'AIR2152', 'TPE', '臺灣桃園國際機場', 'KIX', '大阪關西國際機場', 'TPE-KIX', '2025-08-09 08:00:00', '2025-08-09 12:00:00', 180, 'outbound', 0),
(154, 'AIR2153', 'KIX', '大阪關西國際機場', 'TPE', '臺灣桃園國際機場', 'KIX-TPE', '2025-08-09 17:00:00', '2025-08-09 19:00:00', 180, 'inbound', 0),
(155, 'AIR2154', 'TPE', '臺灣桃園國際機場', 'CTS', '北海道新千歲機場', 'TPE-CTS', '2025-08-09 08:00:00', '2025-08-09 13:00:00', 240, 'outbound', 0),
(156, 'AIR2155', 'CTS', '北海道新千歲機場', 'TPE', '臺灣桃園國際機場', 'CTS-TPE', '2025-08-09 17:00:00', '2025-08-09 20:00:00', 240, 'inbound', 0),
(157, 'AIR2156', 'TPE', '臺灣桃園國際機場', 'HND', '東京羽田國際機場', 'TPE-HND', '2025-08-10 08:00:00', '2025-08-10 12:30:00', 210, 'outbound', 0),
(158, 'AIR2157', 'HND', '東京羽田國際機場', 'TPE', '臺灣桃園國際機場', 'HND-TPE', '2025-08-10 17:00:00', '2025-08-10 19:30:00', 210, 'inbound', 0),
(159, 'AIR2158', 'TPE', '臺灣桃園國際機場', 'KIX', '大阪關西國際機場', 'TPE-KIX', '2025-08-10 08:00:00', '2025-08-10 12:00:00', 180, 'outbound', 0),
(160, 'AIR2159', 'KIX', '大阪關西國際機場', 'TPE', '臺灣桃園國際機場', 'KIX-TPE', '2025-08-10 17:00:00', '2025-08-10 19:00:00', 180, 'inbound', 0),
(161, 'AIR2160', 'TPE', '臺灣桃園國際機場', 'CTS', '北海道新千歲機場', 'TPE-CTS', '2025-08-10 08:00:00', '2025-08-10 13:00:00', 240, 'outbound', 0),
(162, 'AIR2161', 'CTS', '北海道新千歲機場', 'TPE', '臺灣桃園國際機場', 'CTS-TPE', '2025-08-10 17:00:00', '2025-08-10 20:00:00', 240, 'inbound', 0),
(163, 'AIR2162', 'TPE', '臺灣桃園國際機場', 'HND', '東京羽田國際機場', 'TPE-HND', '2025-08-11 08:00:00', '2025-08-11 12:30:00', 210, 'outbound', 0),
(164, 'AIR2163', 'HND', '東京羽田國際機場', 'TPE', '臺灣桃園國際機場', 'HND-TPE', '2025-08-11 17:00:00', '2025-08-11 19:30:00', 210, 'inbound', 0),
(165, 'AIR2164', 'TPE', '臺灣桃園國際機場', 'KIX', '大阪關西國際機場', 'TPE-KIX', '2025-08-11 08:00:00', '2025-08-11 12:00:00', 180, 'outbound', 0),
(166, 'AIR2165', 'KIX', '大阪關西國際機場', 'TPE', '臺灣桃園國際機場', 'KIX-TPE', '2025-08-11 17:00:00', '2025-08-11 19:00:00', 180, 'inbound', 0),
(167, 'AIR2166', 'TPE', '臺灣桃園國際機場', 'CTS', '北海道新千歲機場', 'TPE-CTS', '2025-08-11 08:00:00', '2025-08-11 13:00:00', 240, 'outbound', 0),
(168, 'AIR2167', 'CTS', '北海道新千歲機場', 'TPE', '臺灣桃園國際機場', 'CTS-TPE', '2025-08-11 17:00:00', '2025-08-11 20:00:00', 240, 'inbound', 0),
(169, 'AIR2168', 'TPE', '臺灣桃園國際機場', 'HND', '東京羽田國際機場', 'TPE-HND', '2025-08-12 08:00:00', '2025-08-12 12:30:00', 210, 'outbound', 0),
(170, 'AIR2169', 'HND', '東京羽田國際機場', 'TPE', '臺灣桃園國際機場', 'HND-TPE', '2025-08-12 17:00:00', '2025-08-12 19:30:00', 210, 'inbound', 0),
(171, 'AIR2170', 'TPE', '臺灣桃園國際機場', 'KIX', '大阪關西國際機場', 'TPE-KIX', '2025-08-12 08:00:00', '2025-08-12 12:00:00', 180, 'outbound', 0),
(172, 'AIR2171', 'KIX', '大阪關西國際機場', 'TPE', '臺灣桃園國際機場', 'KIX-TPE', '2025-08-12 17:00:00', '2025-08-12 19:00:00', 180, 'inbound', 0),
(173, 'AIR2172', 'TPE', '臺灣桃園國際機場', 'CTS', '北海道新千歲機場', 'TPE-CTS', '2025-08-12 08:00:00', '2025-08-12 13:00:00', 240, 'outbound', 0),
(174, 'AIR2173', 'CTS', '北海道新千歲機場', 'TPE', '臺灣桃園國際機場', 'CTS-TPE', '2025-08-12 17:00:00', '2025-08-12 20:00:00', 240, 'inbound', 0),
(175, 'AIR2174', 'TPE', '臺灣桃園國際機場', 'HND', '東京羽田國際機場', 'TPE-HND', '2025-08-13 08:00:00', '2025-08-13 12:30:00', 210, 'outbound', 0),
(176, 'AIR2175', 'HND', '東京羽田國際機場', 'TPE', '臺灣桃園國際機場', 'HND-TPE', '2025-08-13 17:00:00', '2025-08-13 19:30:00', 210, 'inbound', 0),
(177, 'AIR2176', 'TPE', '臺灣桃園國際機場', 'KIX', '大阪關西國際機場', 'TPE-KIX', '2025-08-13 08:00:00', '2025-08-13 12:00:00', 180, 'outbound', 0),
(178, 'AIR2177', 'KIX', '大阪關西國際機場', 'TPE', '臺灣桃園國際機場', 'KIX-TPE', '2025-08-13 17:00:00', '2025-08-13 19:00:00', 180, 'inbound', 0),
(179, 'AIR2178', 'TPE', '臺灣桃園國際機場', 'CTS', '北海道新千歲機場', 'TPE-CTS', '2025-08-13 08:00:00', '2025-08-13 13:00:00', 240, 'outbound', 0),
(180, 'AIR2179', 'CTS', '北海道新千歲機場', 'TPE', '臺灣桃園國際機場', 'CTS-TPE', '2025-08-13 17:00:00', '2025-08-13 20:00:00', 240, 'inbound', 0),
(181, 'AIR2180', 'TPE', '臺灣桃園國際機場', 'HND', '東京羽田國際機場', 'TPE-HND', '2025-08-14 08:00:00', '2025-08-14 12:30:00', 210, 'outbound', 0),
(182, 'AIR2181', 'HND', '東京羽田國際機場', 'TPE', '臺灣桃園國際機場', 'HND-TPE', '2025-08-14 17:00:00', '2025-08-14 19:30:00', 210, 'inbound', 0),
(183, 'AIR2182', 'TPE', '臺灣桃園國際機場', 'KIX', '大阪關西國際機場', 'TPE-KIX', '2025-08-14 08:00:00', '2025-08-14 12:00:00', 180, 'outbound', 0),
(184, 'AIR2183', 'KIX', '大阪關西國際機場', 'TPE', '臺灣桃園國際機場', 'KIX-TPE', '2025-08-14 17:00:00', '2025-08-14 19:00:00', 180, 'inbound', 0),
(185, 'AIR2184', 'TPE', '臺灣桃園國際機場', 'CTS', '北海道新千歲機場', 'TPE-CTS', '2025-08-14 08:00:00', '2025-08-14 13:00:00', 240, 'outbound', 0),
(186, 'AIR2185', 'CTS', '北海道新千歲機場', 'TPE', '臺灣桃園國際機場', 'CTS-TPE', '2025-08-14 17:00:00', '2025-08-14 20:00:00', 240, 'inbound', 0),
(187, 'AIR2186', 'TPE', '臺灣桃園國際機場', 'HND', '東京羽田國際機場', 'TPE-HND', '2025-08-15 08:00:00', '2025-08-15 12:30:00', 210, 'outbound', 0),
(188, 'AIR2187', 'HND', '東京羽田國際機場', 'TPE', '臺灣桃園國際機場', 'HND-TPE', '2025-08-15 17:00:00', '2025-08-15 19:30:00', 210, 'inbound', 0),
(189, 'AIR2188', 'TPE', '臺灣桃園國際機場', 'KIX', '大阪關西國際機場', 'TPE-KIX', '2025-08-15 08:00:00', '2025-08-15 12:00:00', 180, 'outbound', 0),
(190, 'AIR2189', 'KIX', '大阪關西國際機場', 'TPE', '臺灣桃園國際機場', 'KIX-TPE', '2025-08-15 17:00:00', '2025-08-15 19:00:00', 180, 'inbound', 0),
(191, 'AIR2190', 'TPE', '臺灣桃園國際機場', 'CTS', '北海道新千歲機場', 'TPE-CTS', '2025-08-15 08:00:00', '2025-08-15 13:00:00', 240, 'outbound', 0),
(192, 'AIR2191', 'CTS', '北海道新千歲機場', 'TPE', '臺灣桃園國際機場', 'CTS-TPE', '2025-08-15 17:00:00', '2025-08-15 20:00:00', 240, 'inbound', 0),
(193, 'AIR2192', 'TPE', '臺灣桃園國際機場', 'HND', '東京羽田國際機場', 'TPE-HND', '2025-08-16 08:00:00', '2025-08-16 12:30:00', 210, 'outbound', 0),
(194, 'AIR2193', 'HND', '東京羽田國際機場', 'TPE', '臺灣桃園國際機場', 'HND-TPE', '2025-08-16 17:00:00', '2025-08-16 19:30:00', 210, 'inbound', 0),
(195, 'AIR2194', 'TPE', '臺灣桃園國際機場', 'KIX', '大阪關西國際機場', 'TPE-KIX', '2025-08-16 08:00:00', '2025-08-16 12:00:00', 180, 'outbound', 0),
(196, 'AIR2195', 'KIX', '大阪關西國際機場', 'TPE', '臺灣桃園國際機場', 'KIX-TPE', '2025-08-16 17:00:00', '2025-08-16 19:00:00', 180, 'inbound', 0),
(197, 'AIR2196', 'TPE', '臺灣桃園國際機場', 'CTS', '北海道新千歲機場', 'TPE-CTS', '2025-08-16 08:00:00', '2025-08-16 13:00:00', 240, 'outbound', 0),
(198, 'AIR2197', 'CTS', '北海道新千歲機場', 'TPE', '臺灣桃園國際機場', 'CTS-TPE', '2025-08-16 17:00:00', '2025-08-16 20:00:00', 240, 'inbound', 0),
(199, 'AIR2198', 'TPE', '臺灣桃園國際機場', 'HND', '東京羽田國際機場', 'TPE-HND', '2025-08-17 08:00:00', '2025-08-17 12:30:00', 210, 'outbound', 0),
(200, 'AIR2199', 'HND', '東京羽田國際機場', 'TPE', '臺灣桃園國際機場', 'HND-TPE', '2025-08-17 17:00:00', '2025-08-17 19:30:00', 210, 'inbound', 0),
(201, 'AIR2200', 'TPE', '臺灣桃園國際機場', 'KIX', '大阪關西國際機場', 'TPE-KIX', '2025-08-17 08:00:00', '2025-08-17 12:00:00', 180, 'outbound', 0),
(202, 'AIR2201', 'KIX', '大阪關西國際機場', 'TPE', '臺灣桃園國際機場', 'KIX-TPE', '2025-08-17 17:00:00', '2025-08-17 19:00:00', 180, 'inbound', 0),
(203, 'AIR2202', 'TPE', '臺灣桃園國際機場', 'CTS', '北海道新千歲機場', 'TPE-CTS', '2025-08-17 08:00:00', '2025-08-17 13:00:00', 240, 'outbound', 0),
(204, 'AIR2203', 'CTS', '北海道新千歲機場', 'TPE', '臺灣桃園國際機場', 'CTS-TPE', '2025-08-17 17:00:00', '2025-08-17 20:00:00', 240, 'inbound', 0),
(205, 'AIR2204', 'TPE', '臺灣桃園國際機場', 'HND', '東京羽田國際機場', 'TPE-HND', '2025-08-18 08:00:00', '2025-08-18 12:30:00', 210, 'outbound', 0),
(206, 'AIR2205', 'HND', '東京羽田國際機場', 'TPE', '臺灣桃園國際機場', 'HND-TPE', '2025-08-18 17:00:00', '2025-08-18 19:30:00', 210, 'inbound', 0),
(207, 'AIR2206', 'TPE', '臺灣桃園國際機場', 'KIX', '大阪關西國際機場', 'TPE-KIX', '2025-08-18 08:00:00', '2025-08-18 12:00:00', 180, 'outbound', 0),
(208, 'AIR2207', 'KIX', '大阪關西國際機場', 'TPE', '臺灣桃園國際機場', 'KIX-TPE', '2025-08-18 17:00:00', '2025-08-18 19:00:00', 180, 'inbound', 0),
(209, 'AIR2208', 'TPE', '臺灣桃園國際機場', 'CTS', '北海道新千歲機場', 'TPE-CTS', '2025-08-18 08:00:00', '2025-08-18 13:00:00', 240, 'outbound', 0),
(210, 'AIR2209', 'CTS', '北海道新千歲機場', 'TPE', '臺灣桃園國際機場', 'CTS-TPE', '2025-08-18 17:00:00', '2025-08-18 20:00:00', 240, 'inbound', 0),
(211, 'AIR2210', 'TPE', '臺灣桃園國際機場', 'HND', '東京羽田國際機場', 'TPE-HND', '2025-08-19 08:00:00', '2025-08-19 12:30:00', 210, 'outbound', 0),
(212, 'AIR2211', 'HND', '東京羽田國際機場', 'TPE', '臺灣桃園國際機場', 'HND-TPE', '2025-08-19 17:00:00', '2025-08-19 19:30:00', 210, 'inbound', 0),
(213, 'AIR2212', 'TPE', '臺灣桃園國際機場', 'KIX', '大阪關西國際機場', 'TPE-KIX', '2025-08-19 08:00:00', '2025-08-19 12:00:00', 180, 'outbound', 0),
(214, 'AIR2213', 'KIX', '大阪關西國際機場', 'TPE', '臺灣桃園國際機場', 'KIX-TPE', '2025-08-19 17:00:00', '2025-08-19 19:00:00', 180, 'inbound', 0),
(215, 'AIR2214', 'TPE', '臺灣桃園國際機場', 'CTS', '北海道新千歲機場', 'TPE-CTS', '2025-08-19 08:00:00', '2025-08-19 13:00:00', 240, 'outbound', 0),
(216, 'AIR2215', 'CTS', '北海道新千歲機場', 'TPE', '臺灣桃園國際機場', 'CTS-TPE', '2025-08-19 17:00:00', '2025-08-19 20:00:00', 240, 'inbound', 0),
(217, 'AIR2216', 'TPE', '臺灣桃園國際機場', 'HND', '東京羽田國際機場', 'TPE-HND', '2025-08-20 08:00:00', '2025-08-20 12:30:00', 210, 'outbound', 0),
(218, 'AIR2217', 'HND', '東京羽田國際機場', 'TPE', '臺灣桃園國際機場', 'HND-TPE', '2025-08-20 17:00:00', '2025-08-20 19:30:00', 210, 'inbound', 0),
(219, 'AIR2218', 'TPE', '臺灣桃園國際機場', 'KIX', '大阪關西國際機場', 'TPE-KIX', '2025-08-20 08:00:00', '2025-08-20 12:00:00', 180, 'outbound', 0),
(220, 'AIR2219', 'KIX', '大阪關西國際機場', 'TPE', '臺灣桃園國際機場', 'KIX-TPE', '2025-08-20 17:00:00', '2025-08-20 19:00:00', 180, 'inbound', 0),
(221, 'AIR2220', 'TPE', '臺灣桃園國際機場', 'CTS', '北海道新千歲機場', 'TPE-CTS', '2025-08-20 08:00:00', '2025-08-20 13:00:00', 240, 'outbound', 0),
(222, 'AIR2221', 'CTS', '北海道新千歲機場', 'TPE', '臺灣桃園國際機場', 'CTS-TPE', '2025-08-20 17:00:00', '2025-08-20 20:00:00', 240, 'inbound', 0),
(223, 'AIR2222', 'TPE', '臺灣桃園國際機場', 'HND', '東京羽田國際機場', 'TPE-HND', '2025-08-21 08:00:00', '2025-08-21 12:30:00', 210, 'outbound', 0),
(224, 'AIR2223', 'HND', '東京羽田國際機場', 'TPE', '臺灣桃園國際機場', 'HND-TPE', '2025-08-21 17:00:00', '2025-08-21 19:30:00', 210, 'inbound', 0),
(225, 'AIR2224', 'TPE', '臺灣桃園國際機場', 'KIX', '大阪關西國際機場', 'TPE-KIX', '2025-08-21 08:00:00', '2025-08-21 12:00:00', 180, 'outbound', 0),
(226, 'AIR2225', 'KIX', '大阪關西國際機場', 'TPE', '臺灣桃園國際機場', 'KIX-TPE', '2025-08-21 17:00:00', '2025-08-21 19:00:00', 180, 'inbound', 0),
(227, 'AIR2226', 'TPE', '臺灣桃園國際機場', 'CTS', '北海道新千歲機場', 'TPE-CTS', '2025-08-21 08:00:00', '2025-08-21 13:00:00', 240, 'outbound', 0),
(228, 'AIR2227', 'CTS', '北海道新千歲機場', 'TPE', '臺灣桃園國際機場', 'CTS-TPE', '2025-08-21 17:00:00', '2025-08-21 20:00:00', 240, 'inbound', 0),
(229, 'AIR2228', 'TPE', '臺灣桃園國際機場', 'HND', '東京羽田國際機場', 'TPE-HND', '2025-08-22 08:00:00', '2025-08-22 12:30:00', 210, 'outbound', 0),
(230, 'AIR2229', 'HND', '東京羽田國際機場', 'TPE', '臺灣桃園國際機場', 'HND-TPE', '2025-08-22 17:00:00', '2025-08-22 19:30:00', 210, 'inbound', 0),
(231, 'AIR2230', 'TPE', '臺灣桃園國際機場', 'KIX', '大阪關西國際機場', 'TPE-KIX', '2025-08-22 08:00:00', '2025-08-22 12:00:00', 180, 'outbound', 0),
(232, 'AIR2231', 'KIX', '大阪關西國際機場', 'TPE', '臺灣桃園國際機場', 'KIX-TPE', '2025-08-22 17:00:00', '2025-08-22 19:00:00', 180, 'inbound', 0),
(233, 'AIR2232', 'TPE', '臺灣桃園國際機場', 'CTS', '北海道新千歲機場', 'TPE-CTS', '2025-08-22 08:00:00', '2025-08-22 13:00:00', 240, 'outbound', 0),
(234, 'AIR2233', 'CTS', '北海道新千歲機場', 'TPE', '臺灣桃園國際機場', 'CTS-TPE', '2025-08-22 17:00:00', '2025-08-22 20:00:00', 240, 'inbound', 0),
(235, 'AIR2234', 'TPE', '臺灣桃園國際機場', 'HND', '東京羽田國際機場', 'TPE-HND', '2025-08-23 08:00:00', '2025-08-23 12:30:00', 210, 'outbound', 0),
(236, 'AIR2235', 'HND', '東京羽田國際機場', 'TPE', '臺灣桃園國際機場', 'HND-TPE', '2025-08-23 17:00:00', '2025-08-23 19:30:00', 210, 'inbound', 0),
(237, 'AIR2236', 'TPE', '臺灣桃園國際機場', 'KIX', '大阪關西國際機場', 'TPE-KIX', '2025-08-23 08:00:00', '2025-08-23 12:00:00', 180, 'outbound', 0),
(238, 'AIR2237', 'KIX', '大阪關西國際機場', 'TPE', '臺灣桃園國際機場', 'KIX-TPE', '2025-08-23 17:00:00', '2025-08-23 19:00:00', 180, 'inbound', 0),
(239, 'AIR2238', 'TPE', '臺灣桃園國際機場', 'CTS', '北海道新千歲機場', 'TPE-CTS', '2025-08-23 08:00:00', '2025-08-23 13:00:00', 240, 'outbound', 0),
(240, 'AIR2239', 'CTS', '北海道新千歲機場', 'TPE', '臺灣桃園國際機場', 'CTS-TPE', '2025-08-23 17:00:00', '2025-08-23 20:00:00', 240, 'inbound', 0),
(241, 'AIR2240', 'TPE', '臺灣桃園國際機場', 'HND', '東京羽田國際機場', 'TPE-HND', '2025-08-24 08:00:00', '2025-08-24 12:30:00', 210, 'outbound', 0),
(242, 'AIR2241', 'HND', '東京羽田國際機場', 'TPE', '臺灣桃園國際機場', 'HND-TPE', '2025-08-24 17:00:00', '2025-08-24 19:30:00', 210, 'inbound', 0),
(243, 'AIR2242', 'TPE', '臺灣桃園國際機場', 'KIX', '大阪關西國際機場', 'TPE-KIX', '2025-08-24 08:00:00', '2025-08-24 12:00:00', 180, 'outbound', 0),
(244, 'AIR2243', 'KIX', '大阪關西國際機場', 'TPE', '臺灣桃園國際機場', 'KIX-TPE', '2025-08-24 17:00:00', '2025-08-24 19:00:00', 180, 'inbound', 0),
(245, 'AIR2244', 'TPE', '臺灣桃園國際機場', 'CTS', '北海道新千歲機場', 'TPE-CTS', '2025-08-24 08:00:00', '2025-08-24 13:00:00', 240, 'outbound', 0),
(246, 'AIR2245', 'CTS', '北海道新千歲機場', 'TPE', '臺灣桃園國際機場', 'CTS-TPE', '2025-08-24 17:00:00', '2025-08-24 20:00:00', 240, 'inbound', 0),
(247, 'AIR2246', 'TPE', '臺灣桃園國際機場', 'HND', '東京羽田國際機場', 'TPE-HND', '2025-08-25 08:00:00', '2025-08-25 12:30:00', 210, 'outbound', 0),
(248, 'AIR2247', 'HND', '東京羽田國際機場', 'TPE', '臺灣桃園國際機場', 'HND-TPE', '2025-08-25 17:00:00', '2025-08-25 19:30:00', 210, 'inbound', 0),
(249, 'AIR2248', 'TPE', '臺灣桃園國際機場', 'KIX', '大阪關西國際機場', 'TPE-KIX', '2025-08-25 08:00:00', '2025-08-25 12:00:00', 180, 'outbound', 0),
(250, 'AIR2249', 'KIX', '大阪關西國際機場', 'TPE', '臺灣桃園國際機場', 'KIX-TPE', '2025-08-25 17:00:00', '2025-08-25 19:00:00', 180, 'inbound', 0),
(251, 'AIR2250', 'TPE', '臺灣桃園國際機場', 'CTS', '北海道新千歲機場', 'TPE-CTS', '2025-08-25 08:00:00', '2025-08-25 13:00:00', 240, 'outbound', 0),
(252, 'AIR2251', 'CTS', '北海道新千歲機場', 'TPE', '臺灣桃園國際機場', 'CTS-TPE', '2025-08-25 17:00:00', '2025-08-25 20:00:00', 240, 'inbound', 0),
(253, 'AIR2252', 'TPE', '臺灣桃園國際機場', 'HND', '東京羽田國際機場', 'TPE-HND', '2025-08-26 08:00:00', '2025-08-26 12:30:00', 210, 'outbound', 0),
(254, 'AIR2253', 'HND', '東京羽田國際機場', 'TPE', '臺灣桃園國際機場', 'HND-TPE', '2025-08-26 17:00:00', '2025-08-26 19:30:00', 210, 'inbound', 0),
(255, 'AIR2254', 'TPE', '臺灣桃園國際機場', 'KIX', '大阪關西國際機場', 'TPE-KIX', '2025-08-26 08:00:00', '2025-08-26 12:00:00', 180, 'outbound', 0),
(256, 'AIR2255', 'KIX', '大阪關西國際機場', 'TPE', '臺灣桃園國際機場', 'KIX-TPE', '2025-08-26 17:00:00', '2025-08-26 19:00:00', 180, 'inbound', 0),
(257, 'AIR2256', 'TPE', '臺灣桃園國際機場', 'CTS', '北海道新千歲機場', 'TPE-CTS', '2025-08-26 08:00:00', '2025-08-26 13:00:00', 240, 'outbound', 0),
(258, 'AIR2257', 'CTS', '北海道新千歲機場', 'TPE', '臺灣桃園國際機場', 'CTS-TPE', '2025-08-26 17:00:00', '2025-08-26 20:00:00', 240, 'inbound', 0),
(259, 'AIR2258', 'TPE', '臺灣桃園國際機場', 'HND', '東京羽田國際機場', 'TPE-HND', '2025-08-27 08:00:00', '2025-08-27 12:30:00', 210, 'outbound', 0),
(260, 'AIR2259', 'HND', '東京羽田國際機場', 'TPE', '臺灣桃園國際機場', 'HND-TPE', '2025-08-27 17:00:00', '2025-08-27 19:30:00', 210, 'inbound', 0),
(261, 'AIR2260', 'TPE', '臺灣桃園國際機場', 'KIX', '大阪關西國際機場', 'TPE-KIX', '2025-08-27 08:00:00', '2025-08-27 12:00:00', 180, 'outbound', 0),
(262, 'AIR2261', 'KIX', '大阪關西國際機場', 'TPE', '臺灣桃園國際機場', 'KIX-TPE', '2025-08-27 17:00:00', '2025-08-27 19:00:00', 180, 'inbound', 0),
(263, 'AIR2262', 'TPE', '臺灣桃園國際機場', 'CTS', '北海道新千歲機場', 'TPE-CTS', '2025-08-27 08:00:00', '2025-08-27 13:00:00', 240, 'outbound', 0),
(264, 'AIR2263', 'CTS', '北海道新千歲機場', 'TPE', '臺灣桃園國際機場', 'CTS-TPE', '2025-08-27 17:00:00', '2025-08-27 20:00:00', 240, 'inbound', 0),
(265, 'AIR2264', 'TPE', '臺灣桃園國際機場', 'HND', '東京羽田國際機場', 'TPE-HND', '2025-08-28 08:00:00', '2025-08-28 12:30:00', 210, 'outbound', 0),
(266, 'AIR2265', 'HND', '東京羽田國際機場', 'TPE', '臺灣桃園國際機場', 'HND-TPE', '2025-08-28 17:00:00', '2025-08-28 19:30:00', 210, 'inbound', 0),
(267, 'AIR2266', 'TPE', '臺灣桃園國際機場', 'KIX', '大阪關西國際機場', 'TPE-KIX', '2025-08-28 08:00:00', '2025-08-28 12:00:00', 180, 'outbound', 0),
(268, 'AIR2267', 'KIX', '大阪關西國際機場', 'TPE', '臺灣桃園國際機場', 'KIX-TPE', '2025-08-28 17:00:00', '2025-08-28 19:00:00', 180, 'inbound', 0),
(269, 'AIR2268', 'TPE', '臺灣桃園國際機場', 'CTS', '北海道新千歲機場', 'TPE-CTS', '2025-08-28 08:00:00', '2025-08-28 13:00:00', 240, 'outbound', 0),
(270, 'AIR2269', 'CTS', '北海道新千歲機場', 'TPE', '臺灣桃園國際機場', 'CTS-TPE', '2025-08-28 17:00:00', '2025-08-28 20:00:00', 240, 'inbound', 0),
(271, 'AIR2270', 'TPE', '臺灣桃園國際機場', 'HND', '東京羽田國際機場', 'TPE-HND', '2025-08-29 08:00:00', '2025-08-29 12:30:00', 210, 'outbound', 0),
(272, 'AIR2271', 'HND', '東京羽田國際機場', 'TPE', '臺灣桃園國際機場', 'HND-TPE', '2025-08-29 17:00:00', '2025-08-29 19:30:00', 210, 'inbound', 0),
(273, 'AIR2272', 'TPE', '臺灣桃園國際機場', 'KIX', '大阪關西國際機場', 'TPE-KIX', '2025-08-29 08:00:00', '2025-08-29 12:00:00', 180, 'outbound', 0),
(274, 'AIR2273', 'KIX', '大阪關西國際機場', 'TPE', '臺灣桃園國際機場', 'KIX-TPE', '2025-08-29 17:00:00', '2025-08-29 19:00:00', 180, 'inbound', 0),
(275, 'AIR2274', 'TPE', '臺灣桃園國際機場', 'CTS', '北海道新千歲機場', 'TPE-CTS', '2025-08-29 08:00:00', '2025-08-29 13:00:00', 240, 'outbound', 0),
(276, 'AIR2275', 'CTS', '北海道新千歲機場', 'TPE', '臺灣桃園國際機場', 'CTS-TPE', '2025-08-29 17:00:00', '2025-08-29 20:00:00', 240, 'inbound', 0),
(277, 'AIR2276', 'TPE', '臺灣桃園國際機場', 'HND', '東京羽田國際機場', 'TPE-HND', '2025-08-30 08:00:00', '2025-08-30 12:30:00', 210, 'outbound', 0),
(278, 'AIR2277', 'HND', '東京羽田國際機場', 'TPE', '臺灣桃園國際機場', 'HND-TPE', '2025-08-30 17:00:00', '2025-08-30 19:30:00', 210, 'inbound', 0),
(279, 'AIR2278', 'TPE', '臺灣桃園國際機場', 'KIX', '大阪關西國際機場', 'TPE-KIX', '2025-08-30 08:00:00', '2025-08-30 12:00:00', 180, 'outbound', 0),
(280, 'AIR2279', 'KIX', '大阪關西國際機場', 'TPE', '臺灣桃園國際機場', 'KIX-TPE', '2025-08-30 17:00:00', '2025-08-30 19:00:00', 180, 'inbound', 0),
(281, 'AIR2280', 'TPE', '臺灣桃園國際機場', 'CTS', '北海道新千歲機場', 'TPE-CTS', '2025-08-30 08:00:00', '2025-08-30 13:00:00', 240, 'outbound', 0),
(282, 'AIR2281', 'CTS', '北海道新千歲機場', 'TPE', '臺灣桃園國際機場', 'CTS-TPE', '2025-08-30 17:00:00', '2025-08-30 20:00:00', 240, 'inbound', 0),
(283, 'AIR2282', 'TPE', '臺灣桃園國際機場', 'HND', '東京羽田國際機場', 'TPE-HND', '2025-08-31 08:00:00', '2025-08-31 12:30:00', 210, 'outbound', 0),
(284, 'AIR2283', 'HND', '東京羽田國際機場', 'TPE', '臺灣桃園國際機場', 'HND-TPE', '2025-08-31 17:00:00', '2025-08-31 19:30:00', 210, 'inbound', 0),
(285, 'AIR2284', 'TPE', '臺灣桃園國際機場', 'KIX', '大阪關西國際機場', 'TPE-KIX', '2025-08-31 08:00:00', '2025-08-31 12:00:00', 180, 'outbound', 0),
(286, 'AIR2285', 'KIX', '大阪關西國際機場', 'TPE', '臺灣桃園國際機場', 'KIX-TPE', '2025-08-31 17:00:00', '2025-08-31 19:00:00', 180, 'inbound', 0),
(287, 'AIR2286', 'TPE', '臺灣桃園國際機場', 'CTS', '北海道新千歲機場', 'TPE-CTS', '2025-08-31 08:00:00', '2025-08-31 13:00:00', 240, 'outbound', 0),
(288, 'AIR2287', 'CTS', '北海道新千歲機場', 'TPE', '臺灣桃園國際機場', 'CTS-TPE', '2025-08-31 17:00:00', '2025-08-31 20:00:00', 240, 'inbound', 0),
(289, 'AIR2288', 'TPE', '臺灣桃園國際機場', 'HND', '東京羽田國際機場', 'TPE-HND', '2025-09-01 08:00:00', '2025-09-01 12:30:00', 210, 'outbound', 0),
(290, 'AIR2289', 'HND', '東京羽田國際機場', 'TPE', '臺灣桃園國際機場', 'HND-TPE', '2025-09-01 17:00:00', '2025-09-01 19:30:00', 210, 'inbound', 0),
(291, 'AIR2290', 'TPE', '臺灣桃園國際機場', 'KIX', '大阪關西國際機場', 'TPE-KIX', '2025-09-01 08:00:00', '2025-09-01 12:00:00', 180, 'outbound', 0),
(292, 'AIR2291', 'KIX', '大阪關西國際機場', 'TPE', '臺灣桃園國際機場', 'KIX-TPE', '2025-09-01 17:00:00', '2025-09-01 19:00:00', 180, 'inbound', 0),
(293, 'AIR2292', 'TPE', '臺灣桃園國際機場', 'CTS', '北海道新千歲機場', 'TPE-CTS', '2025-09-01 08:00:00', '2025-09-01 13:00:00', 240, 'outbound', 0),
(294, 'AIR2293', 'CTS', '北海道新千歲機場', 'TPE', '臺灣桃園國際機場', 'CTS-TPE', '2025-09-01 17:00:00', '2025-09-01 20:00:00', 240, 'inbound', 0),
(295, 'AIR2294', 'TPE', '臺灣桃園國際機場', 'HND', '東京羽田國際機場', 'TPE-HND', '2025-09-02 08:00:00', '2025-09-02 12:30:00', 210, 'outbound', 0),
(296, 'AIR2295', 'HND', '東京羽田國際機場', 'TPE', '臺灣桃園國際機場', 'HND-TPE', '2025-09-02 17:00:00', '2025-09-02 19:30:00', 210, 'inbound', 0),
(297, 'AIR2296', 'TPE', '臺灣桃園國際機場', 'KIX', '大阪關西國際機場', 'TPE-KIX', '2025-09-02 08:00:00', '2025-09-02 12:00:00', 180, 'outbound', 0),
(298, 'AIR2297', 'KIX', '大阪關西國際機場', 'TPE', '臺灣桃園國際機場', 'KIX-TPE', '2025-09-02 17:00:00', '2025-09-02 19:00:00', 180, 'inbound', 0),
(299, 'AIR2298', 'TPE', '臺灣桃園國際機場', 'CTS', '北海道新千歲機場', 'TPE-CTS', '2025-09-02 08:00:00', '2025-09-02 13:00:00', 240, 'outbound', 0),
(300, 'AIR2299', 'CTS', '北海道新千歲機場', 'TPE', '臺灣桃園國際機場', 'CTS-TPE', '2025-09-02 17:00:00', '2025-09-02 20:00:00', 240, 'inbound', 0),
(301, 'AIR2300', 'TPE', '臺灣桃園國際機場', 'HND', '東京羽田國際機場', 'TPE-HND', '2025-09-03 08:00:00', '2025-09-03 12:30:00', 210, 'outbound', 0),
(302, 'AIR2301', 'HND', '東京羽田國際機場', 'TPE', '臺灣桃園國際機場', 'HND-TPE', '2025-09-03 17:00:00', '2025-09-03 19:30:00', 210, 'inbound', 0),
(303, 'AIR2302', 'TPE', '臺灣桃園國際機場', 'KIX', '大阪關西國際機場', 'TPE-KIX', '2025-09-03 08:00:00', '2025-09-03 12:00:00', 180, 'outbound', 0),
(304, 'AIR2303', 'KIX', '大阪關西國際機場', 'TPE', '臺灣桃園國際機場', 'KIX-TPE', '2025-09-03 17:00:00', '2025-09-03 19:00:00', 180, 'inbound', 0),
(305, 'AIR2304', 'TPE', '臺灣桃園國際機場', 'CTS', '北海道新千歲機場', 'TPE-CTS', '2025-09-03 08:00:00', '2025-09-03 13:00:00', 240, 'outbound', 0),
(306, 'AIR2305', 'CTS', '北海道新千歲機場', 'TPE', '臺灣桃園國際機場', 'CTS-TPE', '2025-09-03 17:00:00', '2025-09-03 20:00:00', 240, 'inbound', 0),
(307, 'AIR2306', 'TPE', '臺灣桃園國際機場', 'HND', '東京羽田國際機場', 'TPE-HND', '2025-09-04 08:00:00', '2025-09-04 12:30:00', 210, 'outbound', 0),
(308, 'AIR2307', 'HND', '東京羽田國際機場', 'TPE', '臺灣桃園國際機場', 'HND-TPE', '2025-09-04 17:00:00', '2025-09-04 19:30:00', 210, 'inbound', 0),
(309, 'AIR2308', 'TPE', '臺灣桃園國際機場', 'KIX', '大阪關西國際機場', 'TPE-KIX', '2025-09-04 08:00:00', '2025-09-04 12:00:00', 180, 'outbound', 0),
(310, 'AIR2309', 'KIX', '大阪關西國際機場', 'TPE', '臺灣桃園國際機場', 'KIX-TPE', '2025-09-04 17:00:00', '2025-09-04 19:00:00', 180, 'inbound', 0),
(311, 'AIR2310', 'TPE', '臺灣桃園國際機場', 'CTS', '北海道新千歲機場', 'TPE-CTS', '2025-09-04 08:00:00', '2025-09-04 13:00:00', 240, 'outbound', 0),
(312, 'AIR2311', 'CTS', '北海道新千歲機場', 'TPE', '臺灣桃園國際機場', 'CTS-TPE', '2025-09-04 17:00:00', '2025-09-04 20:00:00', 240, 'inbound', 0),
(313, 'AIR2312', 'TPE', '臺灣桃園國際機場', 'HND', '東京羽田國際機場', 'TPE-HND', '2025-09-05 08:00:00', '2025-09-05 12:30:00', 210, 'outbound', 0),
(314, 'AIR2313', 'HND', '東京羽田國際機場', 'TPE', '臺灣桃園國際機場', 'HND-TPE', '2025-09-05 17:00:00', '2025-09-05 19:30:00', 210, 'inbound', 0),
(315, 'AIR2314', 'TPE', '臺灣桃園國際機場', 'KIX', '大阪關西國際機場', 'TPE-KIX', '2025-09-05 08:00:00', '2025-09-05 12:00:00', 180, 'outbound', 0),
(316, 'AIR2315', 'KIX', '大阪關西國際機場', 'TPE', '臺灣桃園國際機場', 'KIX-TPE', '2025-09-05 17:00:00', '2025-09-05 19:00:00', 180, 'inbound', 0),
(317, 'AIR2316', 'TPE', '臺灣桃園國際機場', 'CTS', '北海道新千歲機場', 'TPE-CTS', '2025-09-05 08:00:00', '2025-09-05 13:00:00', 240, 'outbound', 0),
(318, 'AIR2317', 'CTS', '北海道新千歲機場', 'TPE', '臺灣桃園國際機場', 'CTS-TPE', '2025-09-05 17:00:00', '2025-09-05 20:00:00', 240, 'inbound', 0),
(319, 'AIR2318', 'TPE', '臺灣桃園國際機場', 'HND', '東京羽田國際機場', 'TPE-HND', '2025-09-06 08:00:00', '2025-09-06 12:30:00', 210, 'outbound', 0),
(320, 'AIR2319', 'HND', '東京羽田國際機場', 'TPE', '臺灣桃園國際機場', 'HND-TPE', '2025-09-06 17:00:00', '2025-09-06 19:30:00', 210, 'inbound', 0),
(321, 'AIR2320', 'TPE', '臺灣桃園國際機場', 'KIX', '大阪關西國際機場', 'TPE-KIX', '2025-09-06 08:00:00', '2025-09-06 12:00:00', 180, 'outbound', 0),
(322, 'AIR2321', 'KIX', '大阪關西國際機場', 'TPE', '臺灣桃園國際機場', 'KIX-TPE', '2025-09-06 17:00:00', '2025-09-06 19:00:00', 180, 'inbound', 0),
(323, 'AIR2322', 'TPE', '臺灣桃園國際機場', 'CTS', '北海道新千歲機場', 'TPE-CTS', '2025-09-06 08:00:00', '2025-09-06 13:00:00', 240, 'outbound', 0),
(324, 'AIR2323', 'CTS', '北海道新千歲機場', 'TPE', '臺灣桃園國際機場', 'CTS-TPE', '2025-09-06 17:00:00', '2025-09-06 20:00:00', 240, 'inbound', 0),
(325, 'AIR2324', 'TPE', '臺灣桃園國際機場', 'HND', '東京羽田國際機場', 'TPE-HND', '2025-09-07 08:00:00', '2025-09-07 12:30:00', 210, 'outbound', 0),
(326, 'AIR2325', 'HND', '東京羽田國際機場', 'TPE', '臺灣桃園國際機場', 'HND-TPE', '2025-09-07 17:00:00', '2025-09-07 19:30:00', 210, 'inbound', 0),
(327, 'AIR2326', 'TPE', '臺灣桃園國際機場', 'KIX', '大阪關西國際機場', 'TPE-KIX', '2025-09-07 08:00:00', '2025-09-07 12:00:00', 180, 'outbound', 0),
(328, 'AIR2327', 'KIX', '大阪關西國際機場', 'TPE', '臺灣桃園國際機場', 'KIX-TPE', '2025-09-07 17:00:00', '2025-09-07 19:00:00', 180, 'inbound', 0),
(329, 'AIR2328', 'TPE', '臺灣桃園國際機場', 'CTS', '北海道新千歲機場', 'TPE-CTS', '2025-09-07 08:00:00', '2025-09-07 13:00:00', 240, 'outbound', 0),
(330, 'AIR2329', 'CTS', '北海道新千歲機場', 'TPE', '臺灣桃園國際機場', 'CTS-TPE', '2025-09-07 17:00:00', '2025-09-07 20:00:00', 240, 'inbound', 0),
(331, 'AIR2330', 'TPE', '臺灣桃園國際機場', 'HND', '東京羽田國際機場', 'TPE-HND', '2025-09-08 08:00:00', '2025-09-08 12:30:00', 210, 'outbound', 0),
(332, 'AIR2331', 'HND', '東京羽田國際機場', 'TPE', '臺灣桃園國際機場', 'HND-TPE', '2025-09-08 17:00:00', '2025-09-08 19:30:00', 210, 'inbound', 0),
(333, 'AIR2332', 'TPE', '臺灣桃園國際機場', 'KIX', '大阪關西國際機場', 'TPE-KIX', '2025-09-08 08:00:00', '2025-09-08 12:00:00', 180, 'outbound', 0),
(334, 'AIR2333', 'KIX', '大阪關西國際機場', 'TPE', '臺灣桃園國際機場', 'KIX-TPE', '2025-09-08 17:00:00', '2025-09-08 19:00:00', 180, 'inbound', 0),
(335, 'AIR2334', 'TPE', '臺灣桃園國際機場', 'CTS', '北海道新千歲機場', 'TPE-CTS', '2025-09-08 08:00:00', '2025-09-08 13:00:00', 240, 'outbound', 0),
(336, 'AIR2335', 'CTS', '北海道新千歲機場', 'TPE', '臺灣桃園國際機場', 'CTS-TPE', '2025-09-08 17:00:00', '2025-09-08 20:00:00', 240, 'inbound', 0),
(337, 'AIR2336', 'TPE', '臺灣桃園國際機場', 'HND', '東京羽田國際機場', 'TPE-HND', '2025-09-09 08:00:00', '2025-09-09 12:30:00', 210, 'outbound', 0),
(338, 'AIR2337', 'HND', '東京羽田國際機場', 'TPE', '臺灣桃園國際機場', 'HND-TPE', '2025-09-09 17:00:00', '2025-09-09 19:30:00', 210, 'inbound', 0),
(339, 'AIR2338', 'TPE', '臺灣桃園國際機場', 'KIX', '大阪關西國際機場', 'TPE-KIX', '2025-09-09 08:00:00', '2025-09-09 12:00:00', 180, 'outbound', 0),
(340, 'AIR2339', 'KIX', '大阪關西國際機場', 'TPE', '臺灣桃園國際機場', 'KIX-TPE', '2025-09-09 17:00:00', '2025-09-09 19:00:00', 180, 'inbound', 0),
(341, 'AIR2340', 'TPE', '臺灣桃園國際機場', 'CTS', '北海道新千歲機場', 'TPE-CTS', '2025-09-09 08:00:00', '2025-09-09 13:00:00', 240, 'outbound', 0),
(342, 'AIR2341', 'CTS', '北海道新千歲機場', 'TPE', '臺灣桃園國際機場', 'CTS-TPE', '2025-09-09 17:00:00', '2025-09-09 20:00:00', 240, 'inbound', 0),
(343, 'AIR2342', 'TPE', '臺灣桃園國際機場', 'HND', '東京羽田國際機場', 'TPE-HND', '2025-09-10 08:00:00', '2025-09-10 12:30:00', 210, 'outbound', 0),
(344, 'AIR2343', 'HND', '東京羽田國際機場', 'TPE', '臺灣桃園國際機場', 'HND-TPE', '2025-09-10 17:00:00', '2025-09-10 19:30:00', 210, 'inbound', 0),
(345, 'AIR2344', 'TPE', '臺灣桃園國際機場', 'KIX', '大阪關西國際機場', 'TPE-KIX', '2025-09-10 08:00:00', '2025-09-10 12:00:00', 180, 'outbound', 0),
(346, 'AIR2345', 'KIX', '大阪關西國際機場', 'TPE', '臺灣桃園國際機場', 'KIX-TPE', '2025-09-10 17:00:00', '2025-09-10 19:00:00', 180, 'inbound', 0),
(347, 'AIR2346', 'TPE', '臺灣桃園國際機場', 'CTS', '北海道新千歲機場', 'TPE-CTS', '2025-09-10 08:00:00', '2025-09-10 13:00:00', 240, 'outbound', 0),
(348, 'AIR2347', 'CTS', '北海道新千歲機場', 'TPE', '臺灣桃園國際機場', 'CTS-TPE', '2025-09-10 17:00:00', '2025-09-10 20:00:00', 240, 'inbound', 0),
(349, 'AIR2348', 'TPE', '臺灣桃園國際機場', 'HND', '東京羽田國際機場', 'TPE-HND', '2025-09-11 08:00:00', '2025-09-11 12:30:00', 210, 'outbound', 0),
(350, 'AIR2349', 'HND', '東京羽田國際機場', 'TPE', '臺灣桃園國際機場', 'HND-TPE', '2025-09-11 17:00:00', '2025-09-11 19:30:00', 210, 'inbound', 0),
(351, 'AIR2350', 'TPE', '臺灣桃園國際機場', 'KIX', '大阪關西國際機場', 'TPE-KIX', '2025-09-11 08:00:00', '2025-09-11 12:00:00', 180, 'outbound', 0),
(352, 'AIR2351', 'KIX', '大阪關西國際機場', 'TPE', '臺灣桃園國際機場', 'KIX-TPE', '2025-09-11 17:00:00', '2025-09-11 19:00:00', 180, 'inbound', 0),
(353, 'AIR2352', 'TPE', '臺灣桃園國際機場', 'CTS', '北海道新千歲機場', 'TPE-CTS', '2025-09-11 08:00:00', '2025-09-11 13:00:00', 240, 'outbound', 0),
(354, 'AIR2353', 'CTS', '北海道新千歲機場', 'TPE', '臺灣桃園國際機場', 'CTS-TPE', '2025-09-11 17:00:00', '2025-09-11 20:00:00', 240, 'inbound', 0),
(355, 'AIR2354', 'TPE', '臺灣桃園國際機場', 'HND', '東京羽田國際機場', 'TPE-HND', '2025-09-12 08:00:00', '2025-09-12 12:30:00', 210, 'outbound', 0),
(356, 'AIR2355', 'HND', '東京羽田國際機場', 'TPE', '臺灣桃園國際機場', 'HND-TPE', '2025-09-12 17:00:00', '2025-09-12 19:30:00', 210, 'inbound', 0),
(357, 'AIR2356', 'TPE', '臺灣桃園國際機場', 'KIX', '大阪關西國際機場', 'TPE-KIX', '2025-09-12 08:00:00', '2025-09-12 12:00:00', 180, 'outbound', 0),
(358, 'AIR2357', 'KIX', '大阪關西國際機場', 'TPE', '臺灣桃園國際機場', 'KIX-TPE', '2025-09-12 17:00:00', '2025-09-12 19:00:00', 180, 'inbound', 0),
(359, 'AIR2358', 'TPE', '臺灣桃園國際機場', 'CTS', '北海道新千歲機場', 'TPE-CTS', '2025-09-12 08:00:00', '2025-09-12 13:00:00', 240, 'outbound', 0),
(360, 'AIR2359', 'CTS', '北海道新千歲機場', 'TPE', '臺灣桃園國際機場', 'CTS-TPE', '2025-09-12 17:00:00', '2025-09-12 20:00:00', 240, 'inbound', 0),
(361, 'AIR2360', 'TPE', '臺灣桃園國際機場', 'HND', '東京羽田國際機場', 'TPE-HND', '2025-09-13 08:00:00', '2025-09-13 12:30:00', 210, 'outbound', 0),
(362, 'AIR2361', 'HND', '東京羽田國際機場', 'TPE', '臺灣桃園國際機場', 'HND-TPE', '2025-09-13 17:00:00', '2025-09-13 19:30:00', 210, 'inbound', 0),
(363, 'AIR2362', 'TPE', '臺灣桃園國際機場', 'KIX', '大阪關西國際機場', 'TPE-KIX', '2025-09-13 08:00:00', '2025-09-13 12:00:00', 180, 'outbound', 0),
(364, 'AIR2363', 'KIX', '大阪關西國際機場', 'TPE', '臺灣桃園國際機場', 'KIX-TPE', '2025-09-13 17:00:00', '2025-09-13 19:00:00', 180, 'inbound', 0),
(365, 'AIR2364', 'TPE', '臺灣桃園國際機場', 'CTS', '北海道新千歲機場', 'TPE-CTS', '2025-09-13 08:00:00', '2025-09-13 13:00:00', 240, 'outbound', 0),
(366, 'AIR2365', 'CTS', '北海道新千歲機場', 'TPE', '臺灣桃園國際機場', 'CTS-TPE', '2025-09-13 17:00:00', '2025-09-13 20:00:00', 240, 'inbound', 0),
(367, 'AIR2366', 'TPE', '臺灣桃園國際機場', 'HND', '東京羽田國際機場', 'TPE-HND', '2025-09-14 08:00:00', '2025-09-14 12:30:00', 210, 'outbound', 0),
(368, 'AIR2367', 'HND', '東京羽田國際機場', 'TPE', '臺灣桃園國際機場', 'HND-TPE', '2025-09-14 17:00:00', '2025-09-14 19:30:00', 210, 'inbound', 0),
(369, 'AIR2368', 'TPE', '臺灣桃園國際機場', 'KIX', '大阪關西國際機場', 'TPE-KIX', '2025-09-14 08:00:00', '2025-09-14 12:00:00', 180, 'outbound', 0),
(370, 'AIR2369', 'KIX', '大阪關西國際機場', 'TPE', '臺灣桃園國際機場', 'KIX-TPE', '2025-09-14 17:00:00', '2025-09-14 19:00:00', 180, 'inbound', 0),
(371, 'AIR2370', 'TPE', '臺灣桃園國際機場', 'CTS', '北海道新千歲機場', 'TPE-CTS', '2025-09-14 08:00:00', '2025-09-14 13:00:00', 240, 'outbound', 0),
(372, 'AIR2371', 'CTS', '北海道新千歲機場', 'TPE', '臺灣桃園國際機場', 'CTS-TPE', '2025-09-14 17:00:00', '2025-09-14 20:00:00', 240, 'inbound', 0),
(373, 'AIR2372', 'TPE', '臺灣桃園國際機場', 'HND', '東京羽田國際機場', 'TPE-HND', '2025-09-15 08:00:00', '2025-09-15 12:30:00', 210, 'outbound', 0),
(374, 'AIR2373', 'HND', '東京羽田國際機場', 'TPE', '臺灣桃園國際機場', 'HND-TPE', '2025-09-15 17:00:00', '2025-09-15 19:30:00', 210, 'inbound', 0),
(375, 'AIR2374', 'TPE', '臺灣桃園國際機場', 'KIX', '大阪關西國際機場', 'TPE-KIX', '2025-09-15 08:00:00', '2025-09-15 12:00:00', 180, 'outbound', 0),
(376, 'AIR2375', 'KIX', '大阪關西國際機場', 'TPE', '臺灣桃園國際機場', 'KIX-TPE', '2025-09-15 17:00:00', '2025-09-15 19:00:00', 180, 'inbound', 0),
(377, 'AIR2376', 'TPE', '臺灣桃園國際機場', 'CTS', '北海道新千歲機場', 'TPE-CTS', '2025-09-15 08:00:00', '2025-09-15 13:00:00', 240, 'outbound', 0),
(378, 'AIR2377', 'CTS', '北海道新千歲機場', 'TPE', '臺灣桃園國際機場', 'CTS-TPE', '2025-09-15 17:00:00', '2025-09-15 20:00:00', 240, 'inbound', 0),
(379, 'AIR2378', 'TPE', '臺灣桃園國際機場', 'HND', '東京羽田國際機場', 'TPE-HND', '2025-09-16 08:00:00', '2025-09-16 12:30:00', 210, 'outbound', 0),
(380, 'AIR2379', 'HND', '東京羽田國際機場', 'TPE', '臺灣桃園國際機場', 'HND-TPE', '2025-09-16 17:00:00', '2025-09-16 19:30:00', 210, 'inbound', 0),
(381, 'AIR2380', 'TPE', '臺灣桃園國際機場', 'KIX', '大阪關西國際機場', 'TPE-KIX', '2025-09-16 08:00:00', '2025-09-16 12:00:00', 180, 'outbound', 0),
(382, 'AIR2381', 'KIX', '大阪關西國際機場', 'TPE', '臺灣桃園國際機場', 'KIX-TPE', '2025-09-16 17:00:00', '2025-09-16 19:00:00', 180, 'inbound', 0);
INSERT INTO `flights` (`id`, `flight_no`, `from_airport`, `from_airport_name`, `to_airport`, `to_airport_name`, `routes`, `departure_time`, `arrival_time`, `duration`, `direction`, `is_deleted`) VALUES
(383, 'AIR2382', 'TPE', '臺灣桃園國際機場', 'CTS', '北海道新千歲機場', 'TPE-CTS', '2025-09-16 08:00:00', '2025-09-16 13:00:00', 240, 'outbound', 0),
(384, 'AIR2383', 'CTS', '北海道新千歲機場', 'TPE', '臺灣桃園國際機場', 'CTS-TPE', '2025-09-16 17:00:00', '2025-09-16 20:00:00', 240, 'inbound', 0),
(385, 'AIR2384', 'TPE', '臺灣桃園國際機場', 'HND', '東京羽田國際機場', 'TPE-HND', '2025-09-17 08:00:00', '2025-09-17 12:30:00', 210, 'outbound', 0),
(386, 'AIR2385', 'HND', '東京羽田國際機場', 'TPE', '臺灣桃園國際機場', 'HND-TPE', '2025-09-17 17:00:00', '2025-09-17 19:30:00', 210, 'inbound', 0),
(387, 'AIR2386', 'TPE', '臺灣桃園國際機場', 'KIX', '大阪關西國際機場', 'TPE-KIX', '2025-09-17 08:00:00', '2025-09-17 12:00:00', 180, 'outbound', 0),
(388, 'AIR2387', 'KIX', '大阪關西國際機場', 'TPE', '臺灣桃園國際機場', 'KIX-TPE', '2025-09-17 17:00:00', '2025-09-17 19:00:00', 180, 'inbound', 0),
(389, 'AIR2388', 'TPE', '臺灣桃園國際機場', 'CTS', '北海道新千歲機場', 'TPE-CTS', '2025-09-17 08:00:00', '2025-09-17 13:00:00', 240, 'outbound', 0),
(390, 'AIR2389', 'CTS', '北海道新千歲機場', 'TPE', '臺灣桃園國際機場', 'CTS-TPE', '2025-09-17 17:00:00', '2025-09-17 20:00:00', 240, 'inbound', 0),
(391, 'AIR2390', 'TPE', '臺灣桃園國際機場', 'HND', '東京羽田國際機場', 'TPE-HND', '2025-09-18 08:00:00', '2025-09-18 12:30:00', 210, 'outbound', 0),
(392, 'AIR2391', 'HND', '東京羽田國際機場', 'TPE', '臺灣桃園國際機場', 'HND-TPE', '2025-09-18 17:00:00', '2025-09-18 19:30:00', 210, 'inbound', 0),
(393, 'AIR2392', 'TPE', '臺灣桃園國際機場', 'KIX', '大阪關西國際機場', 'TPE-KIX', '2025-09-18 08:00:00', '2025-09-18 12:00:00', 180, 'outbound', 0),
(394, 'AIR2393', 'KIX', '大阪關西國際機場', 'TPE', '臺灣桃園國際機場', 'KIX-TPE', '2025-09-18 17:00:00', '2025-09-18 19:00:00', 180, 'inbound', 0),
(395, 'AIR2394', 'TPE', '臺灣桃園國際機場', 'CTS', '北海道新千歲機場', 'TPE-CTS', '2025-09-18 08:00:00', '2025-09-18 13:00:00', 240, 'outbound', 0),
(396, 'AIR2395', 'CTS', '北海道新千歲機場', 'TPE', '臺灣桃園國際機場', 'CTS-TPE', '2025-09-18 17:00:00', '2025-09-18 20:00:00', 240, 'inbound', 0),
(397, 'AIR2396', 'TPE', '臺灣桃園國際機場', 'HND', '東京羽田國際機場', 'TPE-HND', '2025-09-19 08:00:00', '2025-09-19 12:30:00', 210, 'outbound', 0),
(398, 'AIR2397', 'HND', '東京羽田國際機場', 'TPE', '臺灣桃園國際機場', 'HND-TPE', '2025-09-19 17:00:00', '2025-09-19 19:30:00', 210, 'inbound', 0),
(399, 'AIR2398', 'TPE', '臺灣桃園國際機場', 'KIX', '大阪關西國際機場', 'TPE-KIX', '2025-09-19 08:00:00', '2025-09-19 12:00:00', 180, 'outbound', 0),
(400, 'AIR2399', 'KIX', '大阪關西國際機場', 'TPE', '臺灣桃園國際機場', 'KIX-TPE', '2025-09-19 17:00:00', '2025-09-19 19:00:00', 180, 'inbound', 0),
(401, 'AIR2400', 'TPE', '臺灣桃園國際機場', 'CTS', '北海道新千歲機場', 'TPE-CTS', '2025-09-19 08:00:00', '2025-09-19 13:00:00', 240, 'outbound', 0),
(402, 'AIR2401', 'CTS', '北海道新千歲機場', 'TPE', '臺灣桃園國際機場', 'CTS-TPE', '2025-09-19 17:00:00', '2025-09-19 20:00:00', 240, 'inbound', 0),
(403, 'AIR2402', 'TPE', '臺灣桃園國際機場', 'HND', '東京羽田國際機場', 'TPE-HND', '2025-09-20 08:00:00', '2025-09-20 12:30:00', 210, 'outbound', 0),
(404, 'AIR2403', 'HND', '東京羽田國際機場', 'TPE', '臺灣桃園國際機場', 'HND-TPE', '2025-09-20 17:00:00', '2025-09-20 19:30:00', 210, 'inbound', 0),
(405, 'AIR2404', 'TPE', '臺灣桃園國際機場', 'KIX', '大阪關西國際機場', 'TPE-KIX', '2025-09-20 08:00:00', '2025-09-20 12:00:00', 180, 'outbound', 0),
(406, 'AIR2405', 'KIX', '大阪關西國際機場', 'TPE', '臺灣桃園國際機場', 'KIX-TPE', '2025-09-20 17:00:00', '2025-09-20 19:00:00', 180, 'inbound', 0),
(407, 'AIR2406', 'TPE', '臺灣桃園國際機場', 'CTS', '北海道新千歲機場', 'TPE-CTS', '2025-09-20 08:00:00', '2025-09-20 13:00:00', 240, 'outbound', 0),
(408, 'AIR2407', 'CTS', '北海道新千歲機場', 'TPE', '臺灣桃園國際機場', 'CTS-TPE', '2025-09-20 17:00:00', '2025-09-20 20:00:00', 240, 'inbound', 0),
(409, 'AIR2408', 'TPE', '臺灣桃園國際機場', 'HND', '東京羽田國際機場', 'TPE-HND', '2025-09-21 08:00:00', '2025-09-21 12:30:00', 210, 'outbound', 0),
(410, 'AIR2409', 'HND', '東京羽田國際機場', 'TPE', '臺灣桃園國際機場', 'HND-TPE', '2025-09-21 17:00:00', '2025-09-21 19:30:00', 210, 'inbound', 0),
(411, 'AIR2410', 'TPE', '臺灣桃園國際機場', 'KIX', '大阪關西國際機場', 'TPE-KIX', '2025-09-21 08:00:00', '2025-09-21 12:00:00', 180, 'outbound', 0),
(412, 'AIR2411', 'KIX', '大阪關西國際機場', 'TPE', '臺灣桃園國際機場', 'KIX-TPE', '2025-09-21 17:00:00', '2025-09-21 19:00:00', 180, 'inbound', 0),
(413, 'AIR2412', 'TPE', '臺灣桃園國際機場', 'CTS', '北海道新千歲機場', 'TPE-CTS', '2025-09-21 08:00:00', '2025-09-21 13:00:00', 240, 'outbound', 0),
(414, 'AIR2413', 'CTS', '北海道新千歲機場', 'TPE', '臺灣桃園國際機場', 'CTS-TPE', '2025-09-21 17:00:00', '2025-09-21 20:00:00', 240, 'inbound', 0),
(415, 'AIR2414', 'TPE', '臺灣桃園國際機場', 'HND', '東京羽田國際機場', 'TPE-HND', '2025-09-22 08:00:00', '2025-09-22 12:30:00', 210, 'outbound', 0),
(416, 'AIR2415', 'HND', '東京羽田國際機場', 'TPE', '臺灣桃園國際機場', 'HND-TPE', '2025-09-22 17:00:00', '2025-09-22 19:30:00', 210, 'inbound', 0),
(417, 'AIR2416', 'TPE', '臺灣桃園國際機場', 'KIX', '大阪關西國際機場', 'TPE-KIX', '2025-09-22 08:00:00', '2025-09-22 12:00:00', 180, 'outbound', 0),
(418, 'AIR2417', 'KIX', '大阪關西國際機場', 'TPE', '臺灣桃園國際機場', 'KIX-TPE', '2025-09-22 17:00:00', '2025-09-22 19:00:00', 180, 'inbound', 0),
(419, 'AIR2418', 'TPE', '臺灣桃園國際機場', 'CTS', '北海道新千歲機場', 'TPE-CTS', '2025-09-22 08:00:00', '2025-09-22 13:00:00', 240, 'outbound', 0),
(420, 'AIR2419', 'CTS', '北海道新千歲機場', 'TPE', '臺灣桃園國際機場', 'CTS-TPE', '2025-09-22 17:00:00', '2025-09-22 20:00:00', 240, 'inbound', 0),
(421, 'AIR2420', 'TPE', '臺灣桃園國際機場', 'HND', '東京羽田國際機場', 'TPE-HND', '2025-09-23 08:00:00', '2025-09-23 12:30:00', 210, 'outbound', 0),
(422, 'AIR2421', 'HND', '東京羽田國際機場', 'TPE', '臺灣桃園國際機場', 'HND-TPE', '2025-09-23 17:00:00', '2025-09-23 19:30:00', 210, 'inbound', 0),
(423, 'AIR2422', 'TPE', '臺灣桃園國際機場', 'KIX', '大阪關西國際機場', 'TPE-KIX', '2025-09-23 08:00:00', '2025-09-23 12:00:00', 180, 'outbound', 0),
(424, 'AIR2423', 'KIX', '大阪關西國際機場', 'TPE', '臺灣桃園國際機場', 'KIX-TPE', '2025-09-23 17:00:00', '2025-09-23 19:00:00', 180, 'inbound', 0),
(425, 'AIR2424', 'TPE', '臺灣桃園國際機場', 'CTS', '北海道新千歲機場', 'TPE-CTS', '2025-09-23 08:00:00', '2025-09-23 13:00:00', 240, 'outbound', 0),
(426, 'AIR2425', 'CTS', '北海道新千歲機場', 'TPE', '臺灣桃園國際機場', 'CTS-TPE', '2025-09-23 17:00:00', '2025-09-23 20:00:00', 240, 'inbound', 0),
(427, 'AIR2426', 'TPE', '臺灣桃園國際機場', 'HND', '東京羽田國際機場', 'TPE-HND', '2025-09-24 08:00:00', '2025-09-24 12:30:00', 210, 'outbound', 0),
(428, 'AIR2427', 'HND', '東京羽田國際機場', 'TPE', '臺灣桃園國際機場', 'HND-TPE', '2025-09-24 17:00:00', '2025-09-24 19:30:00', 210, 'inbound', 0),
(429, 'AIR2428', 'TPE', '臺灣桃園國際機場', 'KIX', '大阪關西國際機場', 'TPE-KIX', '2025-09-24 08:00:00', '2025-09-24 12:00:00', 180, 'outbound', 0),
(430, 'AIR2429', 'KIX', '大阪關西國際機場', 'TPE', '臺灣桃園國際機場', 'KIX-TPE', '2025-09-24 17:00:00', '2025-09-24 19:00:00', 180, 'inbound', 0),
(431, 'AIR2430', 'TPE', '臺灣桃園國際機場', 'CTS', '北海道新千歲機場', 'TPE-CTS', '2025-09-24 08:00:00', '2025-09-24 13:00:00', 240, 'outbound', 0),
(432, 'AIR2431', 'CTS', '北海道新千歲機場', 'TPE', '臺灣桃園國際機場', 'CTS-TPE', '2025-09-24 17:00:00', '2025-09-24 20:00:00', 240, 'inbound', 0),
(433, 'AIR2432', 'TPE', '臺灣桃園國際機場', 'HND', '東京羽田國際機場', 'TPE-HND', '2025-09-25 08:00:00', '2025-09-25 12:30:00', 210, 'outbound', 0),
(434, 'AIR2433', 'HND', '東京羽田國際機場', 'TPE', '臺灣桃園國際機場', 'HND-TPE', '2025-09-25 17:00:00', '2025-09-25 19:30:00', 210, 'inbound', 0),
(435, 'AIR2434', 'TPE', '臺灣桃園國際機場', 'KIX', '大阪關西國際機場', 'TPE-KIX', '2025-09-25 08:00:00', '2025-09-25 12:00:00', 180, 'outbound', 0),
(436, 'AIR2435', 'KIX', '大阪關西國際機場', 'TPE', '臺灣桃園國際機場', 'KIX-TPE', '2025-09-25 17:00:00', '2025-09-25 19:00:00', 180, 'inbound', 0),
(437, 'AIR2436', 'TPE', '臺灣桃園國際機場', 'CTS', '北海道新千歲機場', 'TPE-CTS', '2025-09-25 08:00:00', '2025-09-25 13:00:00', 240, 'outbound', 0),
(438, 'AIR2437', 'CTS', '北海道新千歲機場', 'TPE', '臺灣桃園國際機場', 'CTS-TPE', '2025-09-25 17:00:00', '2025-09-25 20:00:00', 240, 'inbound', 0),
(439, 'AIR2438', 'TPE', '臺灣桃園國際機場', 'HND', '東京羽田國際機場', 'TPE-HND', '2025-09-26 08:00:00', '2025-09-26 12:30:00', 210, 'outbound', 0),
(440, 'AIR2439', 'HND', '東京羽田國際機場', 'TPE', '臺灣桃園國際機場', 'HND-TPE', '2025-09-26 17:00:00', '2025-09-26 19:30:00', 210, 'inbound', 0),
(441, 'AIR2440', 'TPE', '臺灣桃園國際機場', 'KIX', '大阪關西國際機場', 'TPE-KIX', '2025-09-26 08:00:00', '2025-09-26 12:00:00', 180, 'outbound', 0),
(442, 'AIR2441', 'KIX', '大阪關西國際機場', 'TPE', '臺灣桃園國際機場', 'KIX-TPE', '2025-09-26 17:00:00', '2025-09-26 19:00:00', 180, 'inbound', 0),
(443, 'AIR2442', 'TPE', '臺灣桃園國際機場', 'CTS', '北海道新千歲機場', 'TPE-CTS', '2025-09-26 08:00:00', '2025-09-26 13:00:00', 240, 'outbound', 0),
(444, 'AIR2443', 'CTS', '北海道新千歲機場', 'TPE', '臺灣桃園國際機場', 'CTS-TPE', '2025-09-26 17:00:00', '2025-09-26 20:00:00', 240, 'inbound', 0),
(445, 'AIR2444', 'TPE', '臺灣桃園國際機場', 'HND', '東京羽田國際機場', 'TPE-HND', '2025-09-27 08:00:00', '2025-09-27 12:30:00', 210, 'outbound', 0),
(446, 'AIR2445', 'HND', '東京羽田國際機場', 'TPE', '臺灣桃園國際機場', 'HND-TPE', '2025-09-27 17:00:00', '2025-09-27 19:30:00', 210, 'inbound', 0),
(447, 'AIR2446', 'TPE', '臺灣桃園國際機場', 'KIX', '大阪關西國際機場', 'TPE-KIX', '2025-09-27 08:00:00', '2025-09-27 12:00:00', 180, 'outbound', 0),
(448, 'AIR2447', 'KIX', '大阪關西國際機場', 'TPE', '臺灣桃園國際機場', 'KIX-TPE', '2025-09-27 17:00:00', '2025-09-27 19:00:00', 180, 'inbound', 0),
(449, 'AIR2448', 'TPE', '臺灣桃園國際機場', 'CTS', '北海道新千歲機場', 'TPE-CTS', '2025-09-27 08:00:00', '2025-09-27 13:00:00', 240, 'outbound', 0),
(450, 'AIR2449', 'CTS', '北海道新千歲機場', 'TPE', '臺灣桃園國際機場', 'CTS-TPE', '2025-09-27 17:00:00', '2025-09-27 20:00:00', 240, 'inbound', 0),
(451, 'AIR2450', 'TPE', '臺灣桃園國際機場', 'HND', '東京羽田國際機場', 'TPE-HND', '2025-09-28 08:00:00', '2025-09-28 12:30:00', 210, 'outbound', 0),
(452, 'AIR2451', 'HND', '東京羽田國際機場', 'TPE', '臺灣桃園國際機場', 'HND-TPE', '2025-09-28 17:00:00', '2025-09-28 19:30:00', 210, 'inbound', 0),
(453, 'AIR2452', 'TPE', '臺灣桃園國際機場', 'KIX', '大阪關西國際機場', 'TPE-KIX', '2025-09-28 08:00:00', '2025-09-28 12:00:00', 180, 'outbound', 0),
(454, 'AIR2453', 'KIX', '大阪關西國際機場', 'TPE', '臺灣桃園國際機場', 'KIX-TPE', '2025-09-28 17:00:00', '2025-09-28 19:00:00', 180, 'inbound', 0),
(455, 'AIR2454', 'TPE', '臺灣桃園國際機場', 'CTS', '北海道新千歲機場', 'TPE-CTS', '2025-09-28 08:00:00', '2025-09-28 13:00:00', 240, 'outbound', 0),
(456, 'AIR2455', 'CTS', '北海道新千歲機場', 'TPE', '臺灣桃園國際機場', 'CTS-TPE', '2025-09-28 17:00:00', '2025-09-28 20:00:00', 240, 'inbound', 0),
(457, 'AIR2456', 'TPE', '臺灣桃園國際機場', 'HND', '東京羽田國際機場', 'TPE-HND', '2025-09-29 08:00:00', '2025-09-29 12:30:00', 210, 'outbound', 0),
(458, 'AIR2457', 'HND', '東京羽田國際機場', 'TPE', '臺灣桃園國際機場', 'HND-TPE', '2025-09-29 17:00:00', '2025-09-29 19:30:00', 210, 'inbound', 0),
(459, 'AIR2458', 'TPE', '臺灣桃園國際機場', 'KIX', '大阪關西國際機場', 'TPE-KIX', '2025-09-29 08:00:00', '2025-09-29 12:00:00', 180, 'outbound', 0),
(460, 'AIR2459', 'KIX', '大阪關西國際機場', 'TPE', '臺灣桃園國際機場', 'KIX-TPE', '2025-09-29 17:00:00', '2025-09-29 19:00:00', 180, 'inbound', 0),
(461, 'AIR2460', 'TPE', '臺灣桃園國際機場', 'CTS', '北海道新千歲機場', 'TPE-CTS', '2025-09-29 08:00:00', '2025-09-29 13:00:00', 240, 'outbound', 0),
(462, 'AIR2461', 'CTS', '北海道新千歲機場', 'TPE', '臺灣桃園國際機場', 'CTS-TPE', '2025-09-29 17:00:00', '2025-09-29 20:00:00', 240, 'inbound', 0),
(463, 'AIR2462', 'TPE', '臺灣桃園國際機場', 'HND', '東京羽田國際機場', 'TPE-HND', '2025-09-30 08:00:00', '2025-09-30 12:30:00', 210, 'outbound', 0),
(464, 'AIR2463', 'HND', '東京羽田國際機場', 'TPE', '臺灣桃園國際機場', 'HND-TPE', '2025-09-30 17:00:00', '2025-09-30 19:30:00', 210, 'inbound', 0),
(465, 'AIR2464', 'TPE', '臺灣桃園國際機場', 'KIX', '大阪關西國際機場', 'TPE-KIX', '2025-09-30 08:00:00', '2025-09-30 12:00:00', 180, 'outbound', 0),
(466, 'AIR2465', 'KIX', '大阪關西國際機場', 'TPE', '臺灣桃園國際機場', 'KIX-TPE', '2025-09-30 17:00:00', '2025-09-30 19:00:00', 180, 'inbound', 0),
(467, 'AIR2466', 'TPE', '臺灣桃園國際機場', 'CTS', '北海道新千歲機場', 'TPE-CTS', '2025-09-30 08:00:00', '2025-09-30 13:00:00', 240, 'outbound', 0),
(468, 'AIR2467', 'CTS', '北海道新千歲機場', 'TPE', '臺灣桃園國際機場', 'CTS-TPE', '2025-09-30 17:00:00', '2025-09-30 20:00:00', 240, 'inbound', 0),
(469, 'AIR2468', 'TPE', '臺灣桃園國際機場', 'HND', '東京羽田國際機場', 'TPE-HND', '2025-10-01 08:00:00', '2025-10-01 12:30:00', 210, 'outbound', 0),
(470, 'AIR2469', 'HND', '東京羽田國際機場', 'TPE', '臺灣桃園國際機場', 'HND-TPE', '2025-10-01 17:00:00', '2025-10-01 19:30:00', 210, 'inbound', 0),
(471, 'AIR2470', 'TPE', '臺灣桃園國際機場', 'KIX', '大阪關西國際機場', 'TPE-KIX', '2025-10-01 08:00:00', '2025-10-01 12:00:00', 180, 'outbound', 0),
(472, 'AIR2471', 'KIX', '大阪關西國際機場', 'TPE', '臺灣桃園國際機場', 'KIX-TPE', '2025-10-01 17:00:00', '2025-10-01 19:00:00', 180, 'inbound', 0),
(473, 'AIR2472', 'TPE', '臺灣桃園國際機場', 'CTS', '北海道新千歲機場', 'TPE-CTS', '2025-10-01 08:00:00', '2025-10-01 13:00:00', 240, 'outbound', 0),
(474, 'AIR2473', 'CTS', '北海道新千歲機場', 'TPE', '臺灣桃園國際機場', 'CTS-TPE', '2025-10-01 17:00:00', '2025-10-01 20:00:00', 240, 'inbound', 0);

-- --------------------------------------------------------

--
-- 資料表結構 `flight_classes`
--

CREATE TABLE `flight_classes` (
  `id` int(11) NOT NULL,
  `flight_id` int(11) DEFAULT NULL,
  `class_type` enum('economy','business') DEFAULT NULL,
  `price` int(11) DEFAULT NULL,
  `seats_available` int(11) DEFAULT NULL
) ENGINE=InnoDB DEFAULT CHARSET=utf8mb4 COLLATE=utf8mb4_general_ci;

--
-- 傾印資料表的資料 `flight_classes`
--

INSERT INTO `flight_classes` (`id`, `flight_id`, `class_type`, `price`, `seats_available`) VALUES
(2, 1, 'business', 10149, 57),
(3, 2, 'economy', 6898, 12),
(4, 2, 'business', 11637, 57),
(5, 3, 'economy', 8269, 12),
(6, 3, 'business', 14894, 57),
(7, 4, 'economy', 6941, 12),
(8, 4, 'business', 13177, 57),
(9, 5, 'economy', 7322, 12),
(10, 5, 'business', 15879, 57),
(11, 6, 'economy', 8437, 12),
(12, 6, 'business', 13268, 57),
(13, 7, 'economy', 6505, 12),
(14, 7, 'business', 12978, 57),
(15, 8, 'economy', 8180, 12),
(16, 8, 'business', 9401, 57),
(17, 9, 'economy', 4468, 12),
(18, 9, 'business', 10777, 57),
(19, 10, 'economy', 7706, 12),
(20, 10, 'business', 8866, 57),
(21, 11, 'economy', 4313, 12),
(22, 11, 'business', 13746, 57),
(23, 12, 'economy', 6913, 12),
(24, 12, 'business', 12183, 57),
(25, 13, 'economy', 6595, 12),
(26, 13, 'business', 11473, 57),
(27, 14, 'economy', 7792, 12),
(28, 14, 'business', 8545, 57),
(29, 15, 'economy', 4170, 12),
(30, 15, 'business', 13291, 57),
(31, 16, 'economy', 6854, 12),
(32, 16, 'business', 9253, 57),
(33, 17, 'economy', 4328, 12),
(34, 17, 'business', 11892, 57),
(35, 18, 'economy', 7001, 12),
(36, 18, 'business', 13666, 57),
(37, 19, 'economy', 7617, 12),
(38, 19, 'business', 9560, 57),
(39, 20, 'economy', 8464, 12),
(40, 20, 'business', 9838, 57),
(41, 21, 'economy', 6630, 12),
(42, 21, 'business', 15293, 57),
(43, 22, 'economy', 5290, 12),
(44, 22, 'business', 8229, 57),
(45, 23, 'economy', 4352, 12),
(46, 23, 'business', 11642, 57),
(47, 24, 'economy', 4490, 12),
(48, 24, 'business', 13413, 57),
(49, 25, 'economy', 5771, 12),
(50, 25, 'business', 8279, 57),
(51, 26, 'economy', 4077, 12),
(52, 26, 'business', 15086, 57),
(53, 27, 'economy', 8897, 12),
(54, 27, 'business', 12963, 57),
(55, 28, 'economy', 6454, 12),
(56, 28, 'business', 11548, 57),
(57, 29, 'economy', 7741, 12),
(58, 29, 'business', 10812, 57),
(59, 30, 'economy', 4295, 12),
(60, 30, 'business', 13098, 57),
(61, 31, 'economy', 8023, 12),
(62, 31, 'business', 8576, 57),
(63, 32, 'economy', 4008, 12),
(64, 32, 'business', 9770, 57),
(65, 33, 'economy', 6795, 12),
(66, 33, 'business', 9142, 57),
(67, 34, 'economy', 7255, 12),
(68, 34, 'business', 14748, 57),
(69, 35, 'economy', 4983, 12),
(70, 35, 'business', 11108, 57),
(71, 36, 'economy', 5667, 12),
(72, 36, 'business', 15305, 57),
(73, 37, 'economy', 8319, 12),
(74, 37, 'business', 13170, 57),
(75, 38, 'economy', 4576, 12),
(76, 38, 'business', 12097, 57),
(77, 39, 'economy', 6712, 12),
(78, 39, 'business', 13352, 57),
(79, 40, 'economy', 5196, 12),
(80, 40, 'business', 14789, 57),
(81, 41, 'economy', 7730, 12),
(82, 41, 'business', 13166, 57),
(83, 42, 'economy', 4446, 12),
(84, 42, 'business', 12704, 57),
(85, 43, 'economy', 7583, 12),
(86, 43, 'business', 13158, 57),
(87, 44, 'economy', 4545, 12),
(88, 44, 'business', 10862, 57),
(89, 45, 'economy', 8179, 12),
(90, 45, 'business', 15498, 57),
(91, 46, 'economy', 7302, 12),
(92, 46, 'business', 12787, 57),
(93, 47, 'economy', 7925, 12),
(94, 47, 'business', 12504, 57),
(95, 48, 'economy', 8103, 12),
(96, 48, 'business', 11559, 57),
(97, 49, 'economy', 5418, 12),
(98, 49, 'business', 14743, 57),
(99, 50, 'economy', 4616, 12),
(100, 50, 'business', 13320, 57),
(101, 51, 'economy', 7177, 12),
(102, 51, 'business', 8547, 57),
(103, 52, 'economy', 5798, 12),
(104, 52, 'business', 9794, 57),
(105, 53, 'economy', 5839, 12),
(106, 53, 'business', 12230, 57),
(107, 54, 'economy', 7702, 12),
(108, 54, 'business', 14054, 57),
(109, 55, 'economy', 5628, 12),
(110, 55, 'business', 8395, 57),
(111, 56, 'economy', 5303, 12),
(112, 56, 'business', 15219, 57),
(113, 57, 'economy', 8233, 12),
(114, 57, 'business', 11185, 57),
(115, 58, 'economy', 4161, 12),
(116, 58, 'business', 13484, 57),
(117, 59, 'economy', 5079, 12),
(118, 59, 'business', 15986, 57),
(119, 60, 'economy', 6989, 12),
(120, 60, 'business', 14670, 57),
(121, 61, 'economy', 7877, 12),
(122, 61, 'business', 11150, 57),
(123, 62, 'economy', 6458, 12),
(124, 62, 'business', 10337, 57),
(125, 63, 'economy', 5677, 12),
(126, 63, 'business', 13265, 57),
(127, 64, 'economy', 7138, 12),
(128, 64, 'business', 12300, 57),
(129, 65, 'economy', 6464, 12),
(130, 65, 'business', 12584, 57),
(131, 66, 'economy', 7263, 12),
(132, 66, 'business', 8351, 57),
(133, 67, 'economy', 6293, 12),
(134, 67, 'business', 8191, 57),
(135, 68, 'economy', 8519, 12),
(136, 68, 'business', 14857, 57),
(137, 69, 'economy', 7921, 12),
(138, 69, 'business', 10348, 57),
(139, 70, 'economy', 6161, 12),
(140, 70, 'business', 10795, 57),
(141, 71, 'economy', 7993, 12),
(142, 71, 'business', 14833, 57),
(143, 72, 'economy', 8683, 12),
(144, 72, 'business', 8467, 57),
(145, 73, 'economy', 5753, 12),
(146, 73, 'business', 11463, 57),
(147, 74, 'economy', 4525, 12),
(148, 74, 'business', 10593, 57),
(149, 75, 'economy', 4901, 12),
(150, 75, 'business', 15755, 57),
(151, 76, 'economy', 7294, 12),
(152, 76, 'business', 12344, 57),
(153, 77, 'economy', 8525, 12),
(154, 77, 'business', 12157, 57),
(155, 78, 'economy', 6093, 12),
(156, 78, 'business', 8668, 57),
(157, 79, 'economy', 6410, 12),
(158, 79, 'business', 14598, 57),
(159, 80, 'economy', 4323, 12),
(160, 80, 'business', 9854, 57),
(161, 81, 'economy', 7587, 12),
(162, 81, 'business', 14578, 57),
(163, 82, 'economy', 6298, 12),
(164, 82, 'business', 10137, 57),
(165, 83, 'economy', 8671, 12),
(166, 83, 'business', 15350, 57),
(167, 84, 'economy', 4495, 12),
(168, 84, 'business', 8579, 57),
(169, 85, 'economy', 5011, 12),
(170, 85, 'business', 12601, 57),
(171, 86, 'economy', 6505, 12),
(172, 86, 'business', 10045, 57),
(173, 87, 'economy', 4220, 12),
(174, 87, 'business', 9438, 57),
(175, 88, 'economy', 8353, 12),
(176, 88, 'business', 12732, 57),
(177, 89, 'economy', 6964, 12),
(178, 89, 'business', 11591, 57),
(179, 90, 'economy', 8455, 12),
(180, 90, 'business', 14194, 57),
(181, 91, 'economy', 6552, 12),
(182, 91, 'business', 14895, 57),
(183, 92, 'economy', 6964, 12),
(184, 92, 'business', 14969, 57),
(185, 93, 'economy', 7636, 12),
(186, 93, 'business', 11947, 57),
(187, 94, 'economy', 6532, 12),
(188, 94, 'business', 9602, 57),
(189, 95, 'economy', 4119, 12),
(190, 95, 'business', 13141, 57),
(191, 96, 'economy', 7839, 12),
(192, 96, 'business', 11349, 57),
(193, 97, 'economy', 8696, 12),
(194, 97, 'business', 11851, 57),
(195, 98, 'economy', 6219, 12),
(196, 98, 'business', 10772, 57),
(197, 99, 'economy', 8413, 12),
(198, 99, 'business', 10507, 57),
(199, 100, 'economy', 6489, 12),
(200, 100, 'business', 14544, 57),
(201, 101, 'economy', 4576, 12),
(202, 101, 'business', 9712, 57),
(203, 102, 'economy', 4265, 12),
(204, 102, 'business', 14424, 57),
(205, 103, 'economy', 6038, 12),
(206, 103, 'business', 10086, 57),
(207, 104, 'economy', 8001, 12),
(208, 104, 'business', 9070, 57),
(209, 105, 'economy', 7500, 12),
(210, 105, 'business', 11401, 57),
(211, 106, 'economy', 7855, 12),
(212, 106, 'business', 8935, 57),
(213, 107, 'economy', 8875, 12),
(214, 107, 'business', 15372, 57),
(215, 108, 'economy', 8487, 12),
(216, 108, 'business', 15970, 57),
(217, 109, 'economy', 8923, 12),
(218, 109, 'business', 15271, 57),
(219, 110, 'economy', 5287, 12),
(220, 110, 'business', 14784, 57),
(221, 111, 'economy', 8572, 12),
(222, 111, 'business', 14707, 57),
(223, 112, 'economy', 8276, 12),
(224, 112, 'business', 8581, 57),
(225, 113, 'economy', 6779, 12),
(226, 113, 'business', 11213, 57),
(227, 114, 'economy', 6337, 12),
(228, 114, 'business', 12618, 57),
(229, 115, 'economy', 4897, 12),
(230, 115, 'business', 8712, 57),
(231, 116, 'economy', 7064, 12),
(232, 116, 'business', 9187, 57),
(233, 117, 'economy', 8093, 12),
(234, 117, 'business', 15941, 57),
(235, 118, 'economy', 8296, 12),
(236, 118, 'business', 8978, 57),
(237, 119, 'economy', 4144, 12),
(238, 119, 'business', 11394, 57),
(239, 120, 'economy', 6304, 12),
(240, 120, 'business', 10856, 57),
(241, 121, 'economy', 8878, 12),
(242, 121, 'business', 12216, 57),
(243, 122, 'economy', 4805, 12),
(244, 122, 'business', 14143, 57),
(245, 123, 'economy', 5817, 12),
(246, 123, 'business', 12770, 57),
(247, 124, 'economy', 5660, 12),
(248, 124, 'business', 10994, 57),
(249, 125, 'economy', 5059, 12),
(250, 125, 'business', 12765, 57),
(251, 126, 'economy', 7920, 12),
(252, 126, 'business', 15826, 57),
(253, 127, 'economy', 8918, 12),
(254, 127, 'business', 13456, 57),
(255, 128, 'economy', 6307, 12),
(256, 128, 'business', 15134, 57),
(257, 129, 'economy', 8839, 12),
(258, 129, 'business', 14940, 57),
(259, 130, 'economy', 6348, 12),
(260, 130, 'business', 10171, 57),
(261, 131, 'economy', 5026, 12),
(262, 131, 'business', 8950, 57),
(263, 132, 'economy', 5286, 12),
(264, 132, 'business', 14968, 57),
(265, 133, 'economy', 6519, 12),
(266, 133, 'business', 8418, 57),
(267, 134, 'economy', 8781, 12),
(268, 134, 'business', 9561, 57),
(269, 135, 'economy', 6277, 12),
(270, 135, 'business', 9114, 57),
(271, 136, 'economy', 8644, 12),
(272, 136, 'business', 15810, 57),
(273, 137, 'economy', 7656, 12),
(274, 137, 'business', 13067, 57),
(275, 138, 'economy', 8870, 12),
(276, 138, 'business', 15912, 57),
(277, 139, 'economy', 6751, 12),
(278, 139, 'business', 11210, 57),
(279, 140, 'economy', 4781, 12),
(280, 140, 'business', 15520, 57),
(281, 141, 'economy', 8825, 12),
(282, 141, 'business', 14628, 57),
(283, 142, 'economy', 6097, 12),
(284, 142, 'business', 11816, 57),
(285, 143, 'economy', 4447, 12),
(286, 143, 'business', 10052, 57),
(287, 144, 'economy', 4939, 12),
(288, 144, 'business', 9827, 57),
(289, 145, 'economy', 7913, 12),
(290, 145, 'business', 11354, 57),
(291, 146, 'economy', 7730, 12),
(292, 146, 'business', 9281, 57),
(293, 147, 'economy', 7420, 12),
(294, 147, 'business', 14139, 57),
(295, 148, 'economy', 6402, 12),
(296, 148, 'business', 15879, 57),
(297, 149, 'economy', 5919, 12),
(298, 149, 'business', 13313, 57),
(299, 150, 'economy', 8684, 12),
(300, 150, 'business', 14040, 57),
(301, 151, 'economy', 6147, 12),
(302, 151, 'business', 9813, 57),
(303, 152, 'economy', 8045, 12),
(304, 152, 'business', 14765, 57),
(305, 153, 'economy', 6029, 12),
(306, 153, 'business', 9219, 57),
(307, 154, 'economy', 4327, 12),
(308, 154, 'business', 10802, 57),
(309, 155, 'economy', 7351, 12),
(310, 155, 'business', 10962, 57),
(311, 156, 'economy', 8776, 12),
(312, 156, 'business', 8780, 57),
(313, 157, 'economy', 8416, 12),
(314, 157, 'business', 10710, 57),
(315, 158, 'economy', 7580, 12),
(316, 158, 'business', 14292, 57),
(317, 159, 'economy', 4153, 12),
(318, 159, 'business', 10091, 57),
(319, 160, 'economy', 7595, 12),
(320, 160, 'business', 13643, 57),
(321, 161, 'economy', 5992, 12),
(322, 161, 'business', 9763, 57),
(323, 162, 'economy', 4126, 12),
(324, 162, 'business', 14231, 57),
(325, 163, 'economy', 7324, 12),
(326, 163, 'business', 8783, 57),
(327, 164, 'economy', 8864, 12),
(328, 164, 'business', 11035, 57),
(329, 165, 'economy', 4266, 12),
(330, 165, 'business', 9178, 57),
(331, 166, 'economy', 8767, 12),
(332, 166, 'business', 13304, 57),
(333, 167, 'economy', 5180, 12),
(334, 167, 'business', 10682, 57),
(335, 168, 'economy', 5869, 12),
(336, 168, 'business', 13406, 57),
(337, 169, 'economy', 7773, 12),
(338, 169, 'business', 8698, 57),
(339, 170, 'economy', 7045, 12),
(340, 170, 'business', 12077, 57),
(341, 171, 'economy', 6031, 12),
(342, 171, 'business', 13176, 57),
(343, 172, 'economy', 7064, 12),
(344, 172, 'business', 8323, 57),
(345, 173, 'economy', 7010, 12),
(346, 173, 'business', 11436, 57),
(347, 174, 'economy', 7448, 12),
(348, 174, 'business', 14383, 57),
(349, 175, 'economy', 4519, 12),
(350, 175, 'business', 15665, 57),
(351, 176, 'economy', 4510, 12),
(352, 176, 'business', 15891, 57),
(353, 177, 'economy', 6360, 12),
(354, 177, 'business', 8425, 57),
(355, 178, 'economy', 4686, 12),
(356, 178, 'business', 14602, 57),
(357, 179, 'economy', 7335, 12),
(358, 179, 'business', 13480, 57),
(359, 180, 'economy', 7455, 12),
(360, 180, 'business', 9339, 57),
(361, 181, 'economy', 7656, 12),
(362, 181, 'business', 11856, 57),
(363, 182, 'economy', 8824, 12),
(364, 182, 'business', 9051, 57),
(365, 183, 'economy', 4522, 12),
(366, 183, 'business', 14786, 57),
(367, 184, 'economy', 6707, 12),
(368, 184, 'business', 10153, 57),
(369, 185, 'economy', 4842, 12),
(370, 185, 'business', 14497, 57),
(371, 186, 'economy', 8783, 12),
(372, 186, 'business', 10421, 57),
(373, 187, 'economy', 5558, 12),
(374, 187, 'business', 9478, 57),
(375, 188, 'economy', 4013, 12),
(376, 188, 'business', 14469, 57),
(377, 189, 'economy', 5604, 12),
(378, 189, 'business', 12737, 57),
(379, 190, 'economy', 6770, 12),
(380, 190, 'business', 11338, 57),
(381, 191, 'economy', 6657, 12),
(382, 191, 'business', 9965, 57),
(383, 192, 'economy', 7875, 12),
(384, 192, 'business', 11040, 57),
(385, 193, 'economy', 8454, 12),
(386, 193, 'business', 8466, 57),
(387, 194, 'economy', 5488, 12),
(388, 194, 'business', 8199, 57),
(389, 195, 'economy', 7867, 12),
(390, 195, 'business', 10376, 57),
(391, 196, 'economy', 8568, 12),
(392, 196, 'business', 12630, 57),
(393, 197, 'economy', 4781, 12),
(394, 197, 'business', 8185, 57),
(395, 198, 'economy', 4326, 12),
(396, 198, 'business', 8287, 57),
(397, 199, 'economy', 4369, 12),
(398, 199, 'business', 13489, 57),
(399, 200, 'economy', 5928, 12),
(400, 200, 'business', 9444, 57),
(401, 201, 'economy', 5920, 12),
(402, 201, 'business', 12711, 57),
(403, 202, 'economy', 8863, 12),
(404, 202, 'business', 9002, 57),
(405, 203, 'economy', 8241, 12),
(406, 203, 'business', 15413, 57),
(407, 204, 'economy', 5356, 12),
(408, 204, 'business', 9689, 57),
(409, 205, 'economy', 6455, 12),
(410, 205, 'business', 14683, 57),
(411, 206, 'economy', 6052, 12),
(412, 206, 'business', 10684, 57),
(413, 207, 'economy', 4808, 12),
(414, 207, 'business', 11831, 57),
(415, 208, 'economy', 5955, 12),
(416, 208, 'business', 12693, 57),
(417, 209, 'economy', 6755, 12),
(418, 209, 'business', 9386, 57),
(419, 210, 'economy', 4986, 12),
(420, 210, 'business', 8248, 57),
(421, 211, 'economy', 5996, 12),
(422, 211, 'business', 9284, 57),
(423, 212, 'economy', 8807, 12),
(424, 212, 'business', 14890, 57),
(425, 213, 'economy', 6720, 12),
(426, 213, 'business', 14260, 57),
(427, 214, 'economy', 7869, 12),
(428, 214, 'business', 12838, 57),
(429, 215, 'economy', 6178, 12),
(430, 215, 'business', 13579, 57),
(431, 216, 'economy', 6690, 12),
(432, 216, 'business', 11789, 57),
(433, 217, 'economy', 6910, 12),
(434, 217, 'business', 10903, 57),
(435, 218, 'economy', 5518, 12),
(436, 218, 'business', 11672, 57),
(437, 219, 'economy', 6429, 12),
(438, 219, 'business', 11160, 57),
(439, 220, 'economy', 4743, 12),
(440, 220, 'business', 12411, 57),
(441, 221, 'economy', 6512, 12),
(442, 221, 'business', 8219, 57),
(443, 222, 'economy', 7098, 12),
(444, 222, 'business', 8035, 57),
(445, 223, 'economy', 7235, 12),
(446, 223, 'business', 11842, 57),
(447, 224, 'economy', 8515, 12),
(448, 224, 'business', 8863, 57),
(449, 225, 'economy', 7335, 12),
(450, 225, 'business', 14511, 57),
(451, 226, 'economy', 5965, 12),
(452, 226, 'business', 14580, 57),
(453, 227, 'economy', 4967, 12),
(454, 227, 'business', 15390, 57),
(455, 228, 'economy', 5921, 12),
(456, 228, 'business', 10238, 57),
(457, 229, 'economy', 8537, 12),
(458, 229, 'business', 9353, 57),
(459, 230, 'economy', 5742, 12),
(460, 230, 'business', 11354, 57),
(461, 231, 'economy', 7626, 12),
(462, 231, 'business', 10719, 57),
(463, 232, 'economy', 4465, 12),
(464, 232, 'business', 11541, 57),
(465, 233, 'economy', 4578, 12),
(466, 233, 'business', 10432, 57),
(467, 234, 'economy', 5968, 12),
(468, 234, 'business', 8421, 57),
(469, 235, 'economy', 8076, 12),
(470, 235, 'business', 13627, 57),
(471, 236, 'economy', 7332, 12),
(472, 236, 'business', 12099, 57),
(473, 237, 'economy', 7696, 12),
(474, 237, 'business', 13149, 57),
(475, 238, 'economy', 4203, 12),
(476, 238, 'business', 11494, 57),
(477, 239, 'economy', 8175, 12),
(478, 239, 'business', 12238, 57),
(479, 240, 'economy', 4432, 12),
(480, 240, 'business', 10360, 57),
(481, 241, 'economy', 4561, 12),
(482, 241, 'business', 10085, 57),
(483, 242, 'economy', 5743, 12),
(484, 242, 'business', 9415, 57),
(485, 243, 'economy', 7561, 12),
(486, 243, 'business', 8617, 57),
(487, 244, 'economy', 7586, 12),
(488, 244, 'business', 12371, 57),
(489, 245, 'economy', 6630, 12),
(490, 245, 'business', 10708, 57),
(491, 246, 'economy', 8842, 12),
(492, 246, 'business', 8046, 57),
(493, 247, 'economy', 5381, 12),
(494, 247, 'business', 13135, 57),
(495, 248, 'economy', 6542, 12),
(496, 248, 'business', 10512, 57),
(497, 249, 'economy', 7461, 12),
(498, 249, 'business', 10183, 57),
(499, 250, 'economy', 7617, 12),
(500, 250, 'business', 12415, 57),
(501, 251, 'economy', 4496, 12),
(502, 251, 'business', 15972, 57),
(503, 252, 'economy', 4032, 12),
(504, 252, 'business', 15496, 57),
(505, 253, 'economy', 6048, 12),
(506, 253, 'business', 10607, 57),
(507, 254, 'economy', 5724, 12),
(508, 254, 'business', 11669, 57),
(509, 255, 'economy', 7969, 12),
(510, 255, 'business', 13847, 57),
(511, 256, 'economy', 6726, 12),
(512, 256, 'business', 11022, 57),
(513, 257, 'economy', 7294, 12),
(514, 257, 'business', 9467, 57),
(515, 258, 'economy', 8971, 12),
(516, 258, 'business', 14957, 57),
(517, 259, 'economy', 8486, 12),
(518, 259, 'business', 9877, 57),
(519, 260, 'economy', 5625, 12),
(520, 260, 'business', 11536, 57),
(521, 261, 'economy', 5871, 12),
(522, 261, 'business', 11491, 57),
(523, 262, 'economy', 6081, 12),
(524, 262, 'business', 9751, 57),
(525, 263, 'economy', 6673, 12),
(526, 263, 'business', 9031, 57),
(527, 264, 'economy', 5891, 12),
(528, 264, 'business', 11092, 57),
(529, 265, 'economy', 7016, 12),
(530, 265, 'business', 9157, 57),
(531, 266, 'economy', 4888, 12),
(532, 266, 'business', 12735, 57),
(533, 267, 'economy', 7985, 12),
(534, 267, 'business', 12554, 57),
(535, 268, 'economy', 5553, 12),
(536, 268, 'business', 15515, 57),
(537, 269, 'economy', 7096, 12),
(538, 269, 'business', 8953, 57),
(539, 270, 'economy', 5099, 12),
(540, 270, 'business', 10062, 57),
(541, 271, 'economy', 7630, 12),
(542, 271, 'business', 10195, 57),
(543, 272, 'economy', 6782, 12),
(544, 272, 'business', 14994, 57),
(545, 273, 'economy', 5527, 12),
(546, 273, 'business', 12325, 57),
(547, 274, 'economy', 7481, 12),
(548, 274, 'business', 12219, 57),
(549, 275, 'economy', 6810, 12),
(550, 275, 'business', 12862, 57),
(551, 276, 'economy', 7676, 12),
(552, 276, 'business', 10245, 57),
(553, 277, 'economy', 6911, 12),
(554, 277, 'business', 11467, 57),
(555, 278, 'economy', 4569, 12),
(556, 278, 'business', 15346, 57),
(557, 279, 'economy', 5555, 12),
(558, 279, 'business', 11467, 57),
(559, 280, 'economy', 6315, 12),
(560, 280, 'business', 12479, 57),
(561, 281, 'economy', 7418, 12),
(562, 281, 'business', 9047, 57),
(563, 282, 'economy', 8746, 12),
(564, 282, 'business', 13056, 57),
(565, 283, 'economy', 8542, 12),
(566, 283, 'business', 9650, 57),
(567, 284, 'economy', 4643, 12),
(568, 284, 'business', 11307, 57),
(569, 285, 'economy', 7644, 12),
(570, 285, 'business', 11845, 57),
(571, 286, 'economy', 5528, 12),
(572, 286, 'business', 10946, 57),
(573, 287, 'economy', 8929, 12),
(574, 287, 'business', 14614, 57),
(575, 288, 'economy', 6853, 12),
(576, 288, 'business', 14016, 57),
(577, 289, 'economy', 8025, 12),
(578, 289, 'business', 11660, 57),
(579, 290, 'economy', 8170, 12),
(580, 290, 'business', 9431, 57),
(581, 291, 'economy', 7008, 12),
(582, 291, 'business', 13961, 57),
(583, 292, 'economy', 6898, 12),
(584, 292, 'business', 13476, 57),
(585, 293, 'economy', 6030, 12),
(586, 293, 'business', 8446, 57),
(587, 294, 'economy', 5200, 12),
(588, 294, 'business', 9565, 57),
(589, 295, 'economy', 5505, 12),
(590, 295, 'business', 15961, 57),
(591, 296, 'economy', 4319, 12),
(592, 296, 'business', 8791, 57),
(593, 297, 'economy', 8625, 12),
(594, 297, 'business', 11284, 57),
(595, 298, 'economy', 4337, 12),
(596, 298, 'business', 13403, 57),
(597, 299, 'economy', 8483, 12),
(598, 299, 'business', 14348, 57),
(599, 300, 'economy', 4060, 12),
(600, 300, 'business', 13502, 57),
(601, 301, 'economy', 8724, 12),
(602, 301, 'business', 8884, 57),
(603, 302, 'economy', 6358, 12),
(604, 302, 'business', 9548, 57),
(605, 303, 'economy', 4241, 12),
(606, 303, 'business', 14250, 57),
(607, 304, 'economy', 7607, 12),
(608, 304, 'business', 14762, 57),
(609, 305, 'economy', 7148, 12),
(610, 305, 'business', 12340, 57),
(611, 306, 'economy', 5816, 12),
(612, 306, 'business', 15349, 57),
(613, 307, 'economy', 8178, 12),
(614, 307, 'business', 14141, 57),
(615, 308, 'economy', 5552, 12),
(616, 308, 'business', 12207, 57),
(617, 309, 'economy', 4163, 12),
(618, 309, 'business', 11758, 57),
(619, 310, 'economy', 4803, 12),
(620, 310, 'business', 15671, 57),
(621, 311, 'economy', 4713, 12),
(622, 311, 'business', 12747, 57),
(623, 312, 'economy', 6972, 12),
(624, 312, 'business', 12887, 57),
(625, 313, 'economy', 6890, 12),
(626, 313, 'business', 8831, 57),
(627, 314, 'economy', 5703, 12),
(628, 314, 'business', 13056, 57),
(629, 315, 'economy', 8863, 12),
(630, 315, 'business', 10305, 57),
(631, 316, 'economy', 8277, 12),
(632, 316, 'business', 15465, 57),
(633, 317, 'economy', 4926, 12),
(634, 317, 'business', 11309, 57),
(635, 318, 'economy', 5089, 12),
(636, 318, 'business', 15642, 57),
(637, 319, 'economy', 5545, 12),
(638, 319, 'business', 12287, 57),
(639, 320, 'economy', 5144, 12),
(640, 320, 'business', 15088, 57),
(641, 321, 'economy', 6869, 12),
(642, 321, 'business', 9781, 57),
(643, 322, 'economy', 4440, 12),
(644, 322, 'business', 13101, 57),
(645, 323, 'economy', 6294, 12),
(646, 323, 'business', 11806, 57),
(647, 324, 'economy', 5277, 12),
(648, 324, 'business', 12710, 57),
(649, 325, 'economy', 7798, 12),
(650, 325, 'business', 15701, 57),
(651, 326, 'economy', 8143, 12),
(652, 326, 'business', 13106, 57),
(653, 327, 'economy', 6898, 12),
(654, 327, 'business', 8595, 57),
(655, 328, 'economy', 6228, 12),
(656, 328, 'business', 9337, 57),
(657, 329, 'economy', 8882, 12),
(658, 329, 'business', 10443, 57),
(659, 330, 'economy', 5769, 12),
(660, 330, 'business', 11940, 57),
(661, 331, 'economy', 7031, 12),
(662, 331, 'business', 13445, 57),
(663, 332, 'economy', 4057, 12),
(664, 332, 'business', 8013, 57),
(665, 333, 'economy', 4320, 12),
(666, 333, 'business', 8715, 57),
(667, 334, 'economy', 4403, 12),
(668, 334, 'business', 14451, 57),
(669, 335, 'economy', 7861, 12),
(670, 335, 'business', 14753, 57),
(671, 336, 'economy', 6447, 12),
(672, 336, 'business', 12556, 57),
(673, 337, 'economy', 7080, 12),
(674, 337, 'business', 15861, 57),
(675, 338, 'economy', 4644, 12),
(676, 338, 'business', 14184, 57),
(677, 339, 'economy', 4667, 12),
(678, 339, 'business', 8567, 57),
(679, 340, 'economy', 8565, 12),
(680, 340, 'business', 13590, 57),
(681, 341, 'economy', 4219, 12),
(682, 341, 'business', 9611, 57),
(683, 342, 'economy', 8390, 12),
(684, 342, 'business', 14026, 57),
(685, 343, 'economy', 7469, 12),
(686, 343, 'business', 14021, 57),
(687, 344, 'economy', 5873, 12),
(688, 344, 'business', 15606, 57),
(689, 345, 'economy', 7988, 12),
(690, 345, 'business', 15197, 57),
(691, 346, 'economy', 5772, 12),
(692, 346, 'business', 11515, 57),
(693, 347, 'economy', 4418, 12),
(694, 347, 'business', 12561, 57),
(695, 348, 'economy', 8402, 12),
(696, 348, 'business', 10830, 57),
(697, 349, 'economy', 6735, 12),
(698, 349, 'business', 8505, 57),
(699, 350, 'economy', 5022, 12),
(700, 350, 'business', 11761, 57),
(701, 351, 'economy', 5363, 12),
(702, 351, 'business', 14349, 57),
(703, 352, 'economy', 5254, 12),
(704, 352, 'business', 11822, 57),
(705, 353, 'economy', 6670, 12),
(706, 353, 'business', 8761, 57),
(707, 354, 'economy', 7209, 12),
(708, 354, 'business', 10894, 57),
(709, 355, 'economy', 8877, 12),
(710, 355, 'business', 9760, 57),
(711, 356, 'economy', 4192, 12),
(712, 356, 'business', 12454, 57),
(713, 357, 'economy', 6766, 12),
(714, 357, 'business', 15721, 57),
(715, 358, 'economy', 7961, 12),
(716, 358, 'business', 14144, 57),
(717, 359, 'economy', 4945, 12),
(718, 359, 'business', 12306, 57),
(719, 360, 'economy', 7310, 12),
(720, 360, 'business', 10685, 57),
(721, 361, 'economy', 6293, 12),
(722, 361, 'business', 13710, 57),
(723, 362, 'economy', 7023, 12),
(724, 362, 'business', 12721, 57),
(725, 363, 'economy', 6415, 12),
(726, 363, 'business', 12977, 57),
(727, 364, 'economy', 6783, 12),
(728, 364, 'business', 14564, 57),
(729, 365, 'economy', 4304, 12),
(730, 365, 'business', 8244, 57),
(731, 366, 'economy', 7705, 12),
(732, 366, 'business', 10668, 57),
(733, 367, 'economy', 6945, 12),
(734, 367, 'business', 11893, 57),
(735, 368, 'economy', 6992, 12),
(736, 368, 'business', 14890, 57),
(737, 369, 'economy', 4616, 12),
(738, 369, 'business', 8655, 57),
(739, 370, 'economy', 7862, 12),
(740, 370, 'business', 9326, 57),
(741, 371, 'economy', 8291, 12),
(742, 371, 'business', 12407, 57),
(743, 372, 'economy', 4796, 12),
(744, 372, 'business', 11277, 57),
(745, 373, 'economy', 6630, 12),
(746, 373, 'business', 11166, 57),
(747, 374, 'economy', 8173, 12),
(748, 374, 'business', 15606, 57),
(749, 375, 'economy', 6237, 12),
(750, 375, 'business', 14863, 57),
(751, 376, 'economy', 4580, 12),
(752, 376, 'business', 10400, 57),
(753, 377, 'economy', 5305, 12),
(754, 377, 'business', 13617, 57),
(755, 378, 'economy', 4936, 12),
(756, 378, 'business', 10672, 57),
(757, 379, 'economy', 8810, 12),
(758, 379, 'business', 12220, 57),
(759, 380, 'economy', 6692, 12),
(760, 380, 'business', 15560, 57),
(761, 381, 'economy', 8358, 12),
(762, 381, 'business', 12232, 57),
(763, 382, 'economy', 7729, 12),
(764, 382, 'business', 9199, 57),
(765, 383, 'economy', 8885, 12),
(766, 383, 'business', 13814, 57),
(767, 384, 'economy', 7092, 12),
(768, 384, 'business', 10770, 57),
(769, 385, 'economy', 6850, 12),
(770, 385, 'business', 12332, 57),
(771, 386, 'economy', 4161, 12),
(772, 386, 'business', 12588, 57),
(773, 387, 'economy', 4797, 12),
(774, 387, 'business', 15287, 57),
(775, 388, 'economy', 6210, 12),
(776, 388, 'business', 9748, 57),
(777, 389, 'economy', 6006, 12),
(778, 389, 'business', 8978, 57),
(779, 390, 'economy', 8911, 12),
(780, 390, 'business', 12415, 57),
(781, 391, 'economy', 4229, 12),
(782, 391, 'business', 14010, 57),
(783, 392, 'economy', 7451, 12),
(784, 392, 'business', 8649, 57),
(785, 393, 'economy', 6828, 12),
(786, 393, 'business', 15515, 57),
(787, 394, 'economy', 8143, 12),
(788, 394, 'business', 9533, 57),
(789, 395, 'economy', 4639, 12),
(790, 395, 'business', 15059, 57),
(791, 396, 'economy', 7513, 12),
(792, 396, 'business', 10081, 57),
(793, 397, 'economy', 7662, 12),
(794, 397, 'business', 10121, 57),
(795, 398, 'economy', 6113, 12),
(796, 398, 'business', 11708, 57),
(797, 399, 'economy', 5584, 12),
(798, 399, 'business', 12149, 57),
(799, 400, 'economy', 6588, 12),
(800, 400, 'business', 10155, 57),
(801, 401, 'economy', 6592, 12),
(802, 401, 'business', 13957, 57),
(803, 402, 'economy', 5003, 12),
(804, 402, 'business', 14012, 57),
(805, 403, 'economy', 4531, 12),
(806, 403, 'business', 9971, 57),
(807, 404, 'economy', 7507, 12),
(808, 404, 'business', 11283, 57),
(809, 405, 'economy', 8635, 12),
(810, 405, 'business', 9272, 57),
(811, 406, 'economy', 5159, 12),
(812, 406, 'business', 15375, 57),
(813, 407, 'economy', 6015, 12),
(814, 407, 'business', 12346, 57),
(815, 408, 'economy', 5821, 12),
(816, 408, 'business', 12389, 57),
(817, 409, 'economy', 7536, 12),
(818, 409, 'business', 8110, 57),
(819, 410, 'economy', 8274, 12),
(820, 410, 'business', 12702, 57),
(821, 411, 'economy', 5218, 12),
(822, 411, 'business', 13792, 57),
(823, 412, 'economy', 7519, 12),
(824, 412, 'business', 10581, 57),
(825, 413, 'economy', 4363, 12),
(826, 413, 'business', 9461, 57),
(827, 414, 'economy', 5905, 12),
(828, 414, 'business', 9309, 57),
(829, 415, 'economy', 8867, 12),
(830, 415, 'business', 10785, 57),
(831, 416, 'economy', 4514, 12),
(832, 416, 'business', 11349, 57),
(833, 417, 'economy', 7525, 12),
(834, 417, 'business', 10823, 57),
(835, 418, 'economy', 5981, 12),
(836, 418, 'business', 11117, 57),
(837, 419, 'economy', 6685, 12),
(838, 419, 'business', 14005, 57),
(839, 420, 'economy', 6240, 12),
(840, 420, 'business', 15025, 57),
(841, 421, 'economy', 8961, 12),
(842, 421, 'business', 11267, 57),
(843, 422, 'economy', 5644, 12),
(844, 422, 'business', 9985, 57),
(845, 423, 'economy', 6736, 12),
(846, 423, 'business', 12234, 57),
(847, 424, 'economy', 4323, 12),
(848, 424, 'business', 15518, 57),
(849, 425, 'economy', 7730, 12),
(850, 425, 'business', 12427, 57),
(851, 426, 'economy', 4877, 12),
(852, 426, 'business', 10045, 57),
(853, 427, 'economy', 6760, 12),
(854, 427, 'business', 14150, 57),
(855, 428, 'economy', 8691, 12),
(856, 428, 'business', 10894, 57),
(857, 429, 'economy', 6747, 12),
(858, 429, 'business', 10218, 57),
(859, 430, 'economy', 6387, 12),
(860, 430, 'business', 12534, 57),
(861, 431, 'economy', 7265, 12),
(862, 431, 'business', 15290, 57),
(863, 432, 'economy', 8520, 12),
(864, 432, 'business', 9192, 57),
(865, 433, 'economy', 4981, 12),
(866, 433, 'business', 15768, 57),
(867, 434, 'economy', 6112, 12),
(868, 434, 'business', 12254, 57),
(869, 435, 'economy', 7161, 12),
(870, 435, 'business', 15867, 57),
(871, 436, 'economy', 5526, 12),
(872, 436, 'business', 14128, 57),
(873, 437, 'economy', 4959, 12),
(874, 437, 'business', 14285, 57),
(875, 438, 'economy', 5471, 12),
(876, 438, 'business', 14218, 57),
(877, 439, 'economy', 5756, 12),
(878, 439, 'business', 14145, 57),
(879, 440, 'economy', 5465, 12),
(880, 440, 'business', 9079, 57),
(881, 441, 'economy', 8115, 12),
(882, 441, 'business', 14408, 57),
(883, 442, 'economy', 7852, 12),
(884, 442, 'business', 11132, 57),
(885, 443, 'economy', 4496, 12),
(886, 443, 'business', 14022, 57),
(887, 444, 'economy', 8913, 12),
(888, 444, 'business', 8985, 57),
(889, 445, 'economy', 7647, 12),
(890, 445, 'business', 12522, 57),
(891, 446, 'economy', 4810, 12),
(892, 446, 'business', 15992, 57),
(893, 447, 'economy', 6713, 12),
(894, 447, 'business', 11255, 57),
(895, 448, 'economy', 6826, 12),
(896, 448, 'business', 14647, 57),
(897, 449, 'economy', 8843, 12),
(898, 449, 'business', 15562, 57),
(899, 450, 'economy', 8965, 12),
(900, 450, 'business', 8795, 57),
(901, 451, 'economy', 4542, 12),
(902, 451, 'business', 14276, 57),
(903, 452, 'economy', 5979, 12),
(904, 452, 'business', 13465, 57),
(905, 453, 'economy', 7515, 12),
(906, 453, 'business', 15902, 57),
(907, 454, 'economy', 4234, 12),
(908, 454, 'business', 13311, 57),
(909, 455, 'economy', 7955, 12),
(910, 455, 'business', 8990, 57),
(911, 456, 'economy', 8962, 12),
(912, 456, 'business', 11209, 57),
(913, 457, 'economy', 4029, 12),
(914, 457, 'business', 13285, 57),
(915, 458, 'economy', 5111, 12),
(916, 458, 'business', 15962, 57),
(917, 459, 'economy', 4240, 12),
(918, 459, 'business', 12306, 57),
(919, 460, 'economy', 8183, 12),
(920, 460, 'business', 14918, 57),
(921, 461, 'economy', 5614, 12),
(922, 461, 'business', 9010, 57),
(923, 462, 'economy', 6714, 12),
(924, 462, 'business', 10098, 57),
(925, 463, 'economy', 7938, 12),
(926, 463, 'business', 12860, 57),
(927, 464, 'economy', 4962, 12),
(928, 464, 'business', 12820, 57),
(929, 465, 'economy', 6868, 12),
(930, 465, 'business', 11499, 57),
(931, 466, 'economy', 5794, 12),
(932, 466, 'business', 10197, 57),
(933, 467, 'economy', 4943, 12),
(934, 467, 'business', 10430, 57),
(935, 468, 'economy', 7289, 12),
(936, 468, 'business', 12426, 57),
(937, 469, 'economy', 5780, 12),
(938, 469, 'business', 11670, 57),
(939, 470, 'economy', 5402, 12),
(940, 470, 'business', 8364, 57),
(941, 471, 'economy', 7911, 12),
(942, 471, 'business', 14084, 57),
(943, 472, 'economy', 8108, 12),
(944, 472, 'business', 9832, 57),
(945, 473, 'economy', 5295, 12),
(946, 473, 'business', 11021, 57),
(947, 474, 'economy', 7676, 12),
(948, 474, 'business', 14042, 57);

-- --------------------------------------------------------

--
-- 資料表結構 `flight_reserved_seats`
--

CREATE TABLE `flight_reserved_seats` (
  `id` int(11) NOT NULL,
  `class_id` int(11) DEFAULT NULL,
  `seat_number` varchar(10) DEFAULT NULL,
  `booking_id` int(11) DEFAULT NULL,
  `passenger_id` int(11) DEFAULT NULL,
  `reserved_at` datetime DEFAULT current_timestamp()
) ENGINE=InnoDB DEFAULT CHARSET=utf8mb4 COLLATE=utf8mb4_general_ci;

--
-- 傾印資料表的資料 `flight_reserved_seats`
--

INSERT INTO `flight_reserved_seats` (`id`, `class_id`, `seat_number`, `booking_id`, `passenger_id`, `reserved_at`) VALUES
(3, 2, 'A6', 5, 2, '2025-06-29 19:42:28'),
(4, 2, 'A5', 4, 1, '2025-06-29 19:42:28'),
(5, 3, 'A1', 2, 4, '2025-06-29 19:42:28'),
(6, 3, 'A5', 5, 1, '2025-06-29 19:42:28'),
(7, 4, 'A2', 5, 7, '2025-06-29 19:42:28'),
(8, 4, 'A2', 4, 10, '2025-06-29 19:42:28'),
(9, 5, 'A1', 2, 7, '2025-06-29 19:42:28'),
(10, 5, 'A3', 3, 3, '2025-06-29 19:42:28'),
(11, 6, 'A3', 1, 2, '2025-06-29 19:42:28'),
(12, 6, 'A4', 1, 6, '2025-06-29 19:42:28'),
(13, 7, 'A5', 3, 1, '2025-06-29 19:42:28'),
(14, 7, 'A6', 4, 9, '2025-06-29 19:42:28'),
(15, 8, 'A4', 1, 9, '2025-06-29 19:42:28'),
(16, 8, 'A3', 5, 6, '2025-06-29 19:42:28'),
(17, 9, 'A2', 1, 1, '2025-06-29 19:42:28'),
(18, 9, 'A6', 2, 5, '2025-06-29 19:42:28'),
(19, 10, 'A2', 1, 7, '2025-06-29 19:42:28'),
(20, 10, 'A3', 4, 6, '2025-06-29 19:42:28'),
(21, 11, 'A3', 3, 4, '2025-06-29 19:42:28'),
(22, 11, 'A6', 3, 2, '2025-06-29 19:42:28'),
(23, 12, 'A6', 2, 9, '2025-06-29 19:42:28'),
(24, 12, 'A6', 2, 3, '2025-06-29 19:42:28'),
(25, 13, 'A4', 3, 9, '2025-06-29 19:42:28'),
(26, 13, 'A2', 3, 1, '2025-06-29 19:42:28'),
(27, 14, 'A1', 3, 7, '2025-06-29 19:42:28'),
(28, 14, 'A3', 1, 4, '2025-06-29 19:42:28'),
(29, 15, 'A6', 3, 4, '2025-06-29 19:42:28'),
(30, 15, 'A6', 4, 7, '2025-06-29 19:42:28'),
(31, 16, 'A4', 2, 5, '2025-06-29 19:42:28'),
(32, 16, 'A2', 2, 9, '2025-06-29 19:42:28'),
(33, 17, 'A3', 5, 7, '2025-06-29 19:42:29'),
(34, 17, 'A5', 4, 6, '2025-06-29 19:42:29'),
(35, 18, 'A2', 5, 8, '2025-06-29 19:42:29'),
(36, 18, 'A1', 1, 2, '2025-06-29 19:42:29'),
(37, 19, 'A6', 2, 7, '2025-06-29 19:42:29'),
(38, 19, 'A5', 1, 7, '2025-06-29 19:42:29'),
(39, 20, 'A5', 4, 9, '2025-06-29 19:42:29'),
(40, 20, 'A3', 5, 1, '2025-06-29 19:42:29'),
(41, 21, 'A6', 5, 5, '2025-06-29 19:42:29'),
(42, 21, 'A6', 3, 2, '2025-06-29 19:42:29'),
(43, 22, 'A4', 2, 8, '2025-06-29 19:42:29'),
(44, 22, 'A1', 3, 9, '2025-06-29 19:42:29'),
(45, 23, 'A5', 1, 5, '2025-06-29 19:42:29'),
(46, 23, 'A6', 5, 10, '2025-06-29 19:42:29'),
(47, 24, 'A2', 3, 3, '2025-06-29 19:42:29'),
(48, 24, 'A5', 5, 1, '2025-06-29 19:42:29');

-- --------------------------------------------------------

--
-- 資料表結構 `passenger_info`
--

CREATE TABLE `passenger_info` (
  `id` int(11) NOT NULL,
  `booking_id` int(11) DEFAULT NULL,
  `user_id` int(11) DEFAULT NULL,
  `email` varchar(30) DEFAULT NULL,
  `name` varchar(30) DEFAULT NULL,
  `passport_number` varchar(30) DEFAULT NULL,
  `passport_name` varchar(32) NOT NULL,
  `passport_first_name` varchar(32) NOT NULL,
  `passport_last_name` varchar(32) NOT NULL,
  `passport_expiry` date DEFAULT NULL,
  `nationality` varchar(15) DEFAULT NULL,
  `gender` varchar(10) NOT NULL,
  `birthday` date DEFAULT NULL,
  `is_deleted` tinyint(1) NOT NULL DEFAULT 0
) ENGINE=InnoDB DEFAULT CHARSET=utf8mb4 COLLATE=utf8mb4_general_ci;

--
-- 傾印資料表的資料 `passenger_info`
--

INSERT INTO `passenger_info` (`id`, `booking_id`, `user_id`, `email`, `name`, `passport_number`, `passport_name`, `passport_first_name`, `passport_last_name`, `passport_expiry`, `nationality`, `gender`, `birthday`, `is_deleted`) VALUES
(1, 1, 8, 'passenger1@mail.com', '林志宇', '319088414', 'CHIH-YU, LIN ', 'CHIH-YU', ' LIN', '2028-12-31', 'TW', '男', '1985-06-12', 0),
(2, 2, 2, 'passenger2@mail.com', '蔡美秀', '320169115', 'MEI-HSIU, TSAI ', 'MEI-HSIU', 'TSAI ', '2028-12-31', 'TW', '女', '1992-11-23', 0),
(3, 3, 7, 'passenger3@mail.com', '黃偉婷', '366925535', 'WEI-TING, HUANG  ', 'WEI-TING', 'HUANG  ', '2028-12-31', 'TW', '女', '1988-03-30', 0),
(4, 4, 2, 'passenger4@mail.com', '陳俊毅', '365171761', 'JUN-YI, CHEN  ', 'JUN-YI', 'CHEN', '2028-12-31', 'TW', '男', '1990-07-15', 0),
(5, 5, 4, 'passenger5@mail.com', '劉淑華', '364191175', 'SHU-HUA, LIU', 'SHU-HUA', 'LIU', '2028-12-31', 'TW', '女', '1999-01-08', 0),
(6, 6, 9, 'passenger6@mail.com', '張宜君', '328526486', 'YI-CHUN, CHANG  ', 'YI-CHUN', 'CHANG', '2028-12-31', 'TW', '女', '1998-05-19', 0),
(7, 7, 3, 'passenger7@mail.com', '郭馨儒', '318077999', 'HSIN-JU, KUO ', 'HSIN-JU', 'KUO', '2028-12-31', 'TW', '女', '1983-12-04', 0),
(8, 8, 3, 'passenger8@mail.com', '吳俊翔', '335673212', 'CHUN-HSIANG, WU ', 'CHUN-HSIANG', 'WU', '2028-12-31', 'TW', '男', '1991-08-25', 0),
(9, 9, 8, 'passenger9@mail.com', '方彥伶', '375191056', 'YEN-LING, FANG  ', 'YEN-LING', 'FANG', '2028-12-31', 'TW', '女', '2003-09-17', 0),
(10, 10, 2, 'passenger10@mail.com', '許子瑜', '388434500', 'TZU-YU, HSU', 'TZU-YU', 'HSU', '2028-12-31', 'TW', '女', '2000-02-14', 0);

-- --------------------------------------------------------

--
-- 資料表結構 `payments`
--

CREATE TABLE `payments` (
  `id` int(11) NOT NULL,
  `booking_id` int(11) DEFAULT NULL,
  `amount` int(11) DEFAULT NULL,
  `paid_at` datetime DEFAULT NULL,
  `method` enum('creditcard') DEFAULT NULL,
  `status` enum('success','fail','pending') DEFAULT NULL,
  `transaction_id` varchar(30) DEFAULT NULL
) ENGINE=InnoDB DEFAULT CHARSET=utf8mb4 COLLATE=utf8mb4_general_ci;

--
-- 傾印資料表的資料 `payments`
--

INSERT INTO `payments` (`id`, `booking_id`, `amount`, `paid_at`, `method`, `status`, `transaction_id`) VALUES
(1, 1, 17016, '2025-02-23 12:18:29', 'creditcard', 'success', 'TXN202664'),
(2, 2, 8828, '2025-01-24 12:25:36', 'creditcard', 'success', 'TXN783823'),
(3, 3, 16856, '2025-01-31 14:14:03', 'creditcard', 'success', 'TXN976638'),
(4, 4, 8241, '2025-02-20 23:20:11', 'creditcard', 'success', 'TXN197793'),
(5, 5, 11872, '2025-04-27 14:03:44', 'creditcard', 'success', 'TXN274389'),
(6, 6, 14658, '2025-03-30 16:35:24', 'creditcard', 'success', 'TXN609231'),
(7, 7, 15886, '2025-05-28 22:07:30', 'creditcard', 'success', 'TXN324130'),
(8, 8, 14570, '2025-03-22 13:21:52', 'creditcard', 'success', 'TXN161483'),
(9, 9, 10697, '2025-03-10 04:28:33', 'creditcard', 'success', 'TXN497382'),
(10, 10, 8035, '2025-04-03 07:58:19', 'creditcard', 'success', 'TXN509386');

-- --------------------------------------------------------

--
-- 資料表結構 `saved_passengers`
--

CREATE TABLE `saved_passengers` (
  `id` int(11) NOT NULL,
  `user_id` int(11) DEFAULT NULL,
  `name` varchar(50) DEFAULT NULL,
  `email` varchar(100) DEFAULT NULL,
  `passport_number` varchar(30) DEFAULT NULL,
  `passport_name` varchar(32) NOT NULL,
  `passport_first_name` varchar(32) NOT NULL,
  `passport_last_name` varchar(32) NOT NULL,
  `passport_expiry` date DEFAULT NULL,
  `birthday` date NOT NULL,
  `nationality` varchar(15) DEFAULT NULL,
  `gender` varchar(10) NOT NULL,
  `is_deleted` int(11) NOT NULL DEFAULT 0
) ENGINE=InnoDB DEFAULT CHARSET=utf8mb4 COLLATE=utf8mb4_general_ci;

--
-- 傾印資料表的資料 `saved_passengers`
--

INSERT INTO `saved_passengers` (`id`, `user_id`, `name`, `email`, `passport_number`, `passport_name`, `passport_first_name`, `passport_last_name`, `passport_expiry`, `birthday`, `nationality`, `gender`, `is_deleted`) VALUES
(1, 1, '陳冠宇', 'guanyu.chen@gmail.com', '324568973', 'GUAN-YU, CHEN', 'GUAN-YU', 'CHEN', '2031-05-20', '2009-07-14', 'TW', '男', 0),
(2, 1, '林芷涵', 'chihan.lin@hotmail.com', '384726194', 'CHIH-HAN, LIN', 'CHIH-HAN ', 'LIN', '2030-12-15', '1997-05-13', 'TW', '女', 0),
(3, 2, '黃柏翔', 'po.huang@yahoo.com', '359417620', 'PO-HSIANG, HUANG', 'PO-HSIANG', 'HUANG', '2030-07-14', '1989-11-17', 'TW', '男', 0),
(4, 2, '張瑜珊', 'yushan.zhang@gmail.com', '366132985', 'YU-SHAN, CHANG', 'YU-SHAN ', 'CHANG', '2032-08-03', '1978-05-10', 'TW', '女', 0),
(5, 3, '王怡婷', 'iting.wang@gmail.com', '378246593', 'I-TING, WANG', 'I-TING', 'WANG', '2031-07-01', '2000-02-01', 'TW', '女', 0),
(6, 4, '李彥廷', 'yenting.lee@gmail.com', '319047368', 'YAN-TING, LEE', 'YAN-TING', 'LEE', '2033-03-22', '1999-11-22', 'TW', '男', 0),
(7, 5, '周子芸', 'ziyun.chou@gmail.com', '332918574', 'TZU-YUN, CHOU', 'TZU-YUN', 'CHOU', '2031-10-30', '2001-01-01', 'TW', '女', 0),
(8, 6, '簡宏恩', 'hongen.chien@gmail.com', '378129045', 'HUNG-EN, CHIEN', 'HUNG-EN', 'CHIEN', '2030-01-14', '1987-06-08', 'TW', '男', 0),
(9, 7, '邱詩涵', 'shihan.chiu@gmail.com', '337519685', 'SHIH-HAN, CHIU', 'SHIH-HAN', 'CHIU', '2031-04-09', '1977-05-12', 'TW', '女', 0),
(10, 8, '高柏安', 'poan.kao@gmail.com', '361589473', 'PO-AN, KAO', 'PO-AN', ' KAO', '2032-06-27', '1994-12-25', 'TW', '男', 0);

-- --------------------------------------------------------

--
-- 資料表結構 `users`
--

CREATE TABLE `users` (
  `id` int(11) NOT NULL,
  `user_number` varchar(16) NOT NULL,
  `name` varchar(20) DEFAULT NULL,
  `gender` varchar(10) NOT NULL,
  `email` varchar(30) DEFAULT NULL,
  `password` varchar(255) DEFAULT NULL,
  `phone` varchar(20) DEFAULT NULL,
  `passport_name` varchar(30) DEFAULT NULL,
  `passport_first_name` varchar(32) NOT NULL,
  `passport_last_name` varchar(32) NOT NULL,
  `passport_number` varchar(15) NOT NULL,
  `passport_expiry` date DEFAULT NULL,
  `nationality` varchar(10) NOT NULL,
  `created_at` datetime DEFAULT current_timestamp(),
  `birthday` date DEFAULT NULL,
  `is_deleted` tinyint(1) NOT NULL DEFAULT 0
) ENGINE=InnoDB DEFAULT CHARSET=utf8mb4 COLLATE=utf8mb4_general_ci;

--
-- 傾印資料表的資料 `users`
--

INSERT INTO `users` (`id`, `user_number`, `name`, `gender`, `email`, `password`, `phone`, `passport_name`, `passport_first_name`, `passport_last_name`, `passport_number`, `passport_expiry`, `nationality`, `created_at`, `birthday`, `is_deleted`) VALUES
(1, '3847196', '羅雅琪', '女', 'yongpan@jiang.tw', 'uK0fBqL7F#', '0948020330', 'YA-CHI, LUO', 'YA-CHI', 'LUO', '390224616', '2034-05-21', 'TW', '2025-05-10 01:25:42', '2005-08-04', 0),
(2, '0723851', '馬怡君', '女', 'yangyao@gmail.com', 'y1BKQKyT!t', '0938339178', 'YI-CHUN, MA', 'YI-CHUN', 'MA', '342284671', '2035-10-12', 'TW', '2025-04-27 15:14:17', '1967-03-14', 0),
(3, '9612473', '吳雅涵', '女', 'qhan@xiang.tw', 'nA64Frg**D', '0989947186', 'YA-HAN, WU', 'YA-HAN', 'WU', '375109624', '2040-07-10', 'TW', '2025-01-25 02:36:07', '1983-05-08', 0),
(4, '5083269', '陳佳樺', '女', 'gangqiu@gmail.com', '(4rp9C*d26', '0971812068', 'CHIA-HUA, CHEN', 'CHIA-HUA', 'CHEN', '324875610', '2026-03-17', 'TW', '2025-05-09 23:06:53', '1999-09-29', 0),
(5, '7941302', '李雅婷', '女', 'jing35@kong.tw', '2Rb8MgD2!9', '0909382095', 'YA-TING, LI', 'YA-TING', 'LI', '312908347', '2027-09-11', 'TW', '2025-02-06 08:11:24', '1964-08-04', 0),
(6, '6159284', '李志偉', '男', 'xxia@gmail.com', '(+VOrOvRf1', '0978652993', 'CHIH-WEI, LI', 'CHIH-WEI', 'LI', '356198204', '2032-06-29', 'TW', '2025-02-22 21:54:28', '1977-07-10', 0),
(7, '1297340', '王佳蓉', '女', 'tao51@yu.tw', 'sTE9wBt2)$', '0923219154', 'CHIA-JUNG, WANG', 'CHIA-JUNG', 'WANG', '390284716', '2033-08-05', 'TW', '2025-01-26 07:42:42', '2006-12-02', 0),
(8, '8476201', '陳怡如', '女', 'yansun@cai.tw', '%QUB7gRmpd', '0988568403', 'YI-RU, CHEN', 'YI-RU', 'CHEN', '302467913', '2031-09-12', 'TW', '2025-04-13 02:20:52', '1974-12-23', 0),
(9, '3065197', '周宇軒', '男', 'zhuxiulan@qian.com', '))!6Z^a+5J', '0944753701', 'YU-HSUAN, CHOU', 'YU-HSUAN', 'CHOU', '367420985', '2030-04-23', 'TW', '2025-02-17 08:37:01', '1971-07-14', 0),
(10, '2538946', '王彥華', '男', 'caijun@gmail.com', '^H17(k(tb5', '0982776497', 'YAN-TING, WANG', 'YAN-TING', 'WANG', '363284476', '2031-04-14', 'TW', '2025-06-21 06:14:52', '1972-02-17', 0);

--
-- 已傾印資料表的索引
--

--
-- 資料表索引 `addons`
--
ALTER TABLE `addons`
  ADD PRIMARY KEY (`id`);

--
-- 資料表索引 `admin`
--
ALTER TABLE `admin`
  ADD PRIMARY KEY (`id`),
  ADD UNIQUE KEY `username` (`acc`);

--
-- 資料表索引 `booking`
--
ALTER TABLE `booking`
  ADD PRIMARY KEY (`id`),
  ADD UNIQUE KEY `order_no` (`order_no`),
  ADD KEY `user_id` (`user_id`),
  ADD KEY `fk_booking_class_depart` (`class_depart_id`),
  ADD KEY `fk_booking_class_return` (`class_return_id`);

--
-- 資料表索引 `booking_addons`
--
ALTER TABLE `booking_addons`
  ADD PRIMARY KEY (`id`),
  ADD KEY `addon_id` (`addon_id`),
  ADD KEY `fk_addons_booking` (`booking_id`);

--
-- 資料表索引 `flights`
--
ALTER TABLE `flights`
  ADD PRIMARY KEY (`id`);

--
-- 資料表索引 `flight_classes`
--
ALTER TABLE `flight_classes`
  ADD PRIMARY KEY (`id`),
  ADD KEY `flight_id` (`flight_id`);

--
-- 資料表索引 `flight_reserved_seats`
--
ALTER TABLE `flight_reserved_seats`
  ADD PRIMARY KEY (`id`),
  ADD KEY `fk_seat_class` (`class_id`),
  ADD KEY `fk_seat_booking` (`booking_id`),
  ADD KEY `fk_seat_passenger` (`passenger_id`);

--
-- 資料表索引 `passenger_info`
--
ALTER TABLE `passenger_info`
  ADD PRIMARY KEY (`id`),
  ADD KEY `user_id` (`user_id`),
  ADD KEY `fk_passenger_booking` (`booking_id`);

--
-- 資料表索引 `payments`
--
ALTER TABLE `payments`
  ADD PRIMARY KEY (`id`),
  ADD KEY `booking_id` (`booking_id`);

--
-- 資料表索引 `saved_passengers`
--
ALTER TABLE `saved_passengers`
  ADD PRIMARY KEY (`id`),
  ADD KEY `user_id` (`user_id`);

--
-- 資料表索引 `users`
--
ALTER TABLE `users`
  ADD PRIMARY KEY (`id`),
  ADD UNIQUE KEY `email` (`email`);

--
-- 在傾印的資料表使用自動遞增(AUTO_INCREMENT)
--

--
-- 使用資料表自動遞增(AUTO_INCREMENT) `addons`
--
ALTER TABLE `addons`
  MODIFY `id` int(11) NOT NULL AUTO_INCREMENT, AUTO_INCREMENT=6;

--
-- 使用資料表自動遞增(AUTO_INCREMENT) `admin`
--
ALTER TABLE `admin`
  MODIFY `id` int(11) NOT NULL AUTO_INCREMENT, AUTO_INCREMENT=2;

--
-- 使用資料表自動遞增(AUTO_INCREMENT) `booking`
--
ALTER TABLE `booking`
  MODIFY `id` int(11) NOT NULL AUTO_INCREMENT, AUTO_INCREMENT=21;

--
-- 使用資料表自動遞增(AUTO_INCREMENT) `booking_addons`
--
ALTER TABLE `booking_addons`
  MODIFY `id` int(11) NOT NULL AUTO_INCREMENT, AUTO_INCREMENT=12;

--
-- 使用資料表自動遞增(AUTO_INCREMENT) `flight_classes`
--
ALTER TABLE `flight_classes`
  MODIFY `id` int(11) NOT NULL AUTO_INCREMENT, AUTO_INCREMENT=1489;

--
-- 使用資料表自動遞增(AUTO_INCREMENT) `flight_reserved_seats`
--
ALTER TABLE `flight_reserved_seats`
  MODIFY `id` int(11) NOT NULL AUTO_INCREMENT, AUTO_INCREMENT=49;

--
-- 使用資料表自動遞增(AUTO_INCREMENT) `passenger_info`
--
ALTER TABLE `passenger_info`
  MODIFY `id` int(11) NOT NULL AUTO_INCREMENT, AUTO_INCREMENT=11;

--
-- 使用資料表自動遞增(AUTO_INCREMENT) `payments`
--
ALTER TABLE `payments`
  MODIFY `id` int(11) NOT NULL AUTO_INCREMENT, AUTO_INCREMENT=11;

--
-- 使用資料表自動遞增(AUTO_INCREMENT) `saved_passengers`
--
ALTER TABLE `saved_passengers`
  MODIFY `id` int(11) NOT NULL AUTO_INCREMENT, AUTO_INCREMENT=11;

--
-- 使用資料表自動遞增(AUTO_INCREMENT) `users`
--
ALTER TABLE `users`
  MODIFY `id` int(11) NOT NULL AUTO_INCREMENT, AUTO_INCREMENT=14;

--
-- 已傾印資料表的限制式
--

--
-- 資料表的限制式 `booking`
--
ALTER TABLE `booking`
  ADD CONSTRAINT `booking_ibfk_1` FOREIGN KEY (`user_id`) REFERENCES `users` (`id`),
  ADD CONSTRAINT `booking_ibfk_2` FOREIGN KEY (`class_depart_id`) REFERENCES `flight_classes` (`id`),
  ADD CONSTRAINT `booking_ibfk_3` FOREIGN KEY (`class_return_id`) REFERENCES `flight_classes` (`id`),
  ADD CONSTRAINT `fk_booking_class_depart` FOREIGN KEY (`class_depart_id`) REFERENCES `flight_classes` (`id`) ON DELETE CASCADE,
  ADD CONSTRAINT `fk_booking_class_return` FOREIGN KEY (`class_return_id`) REFERENCES `flight_classes` (`id`) ON DELETE CASCADE;

--
-- 資料表的限制式 `booking_addons`
--
ALTER TABLE `booking_addons`
  ADD CONSTRAINT `booking_addons_ibfk_1` FOREIGN KEY (`booking_id`) REFERENCES `booking` (`id`),
  ADD CONSTRAINT `booking_addons_ibfk_2` FOREIGN KEY (`addon_id`) REFERENCES `addons` (`id`),
  ADD CONSTRAINT `fk_addons_booking` FOREIGN KEY (`booking_id`) REFERENCES `booking` (`id`) ON DELETE CASCADE;

--
-- 資料表的限制式 `flight_classes`
--
ALTER TABLE `flight_classes`
  ADD CONSTRAINT `fk_class_flight` FOREIGN KEY (`flight_id`) REFERENCES `flights` (`id`) ON DELETE CASCADE,
  ADD CONSTRAINT `flight_classes_ibfk_1` FOREIGN KEY (`flight_id`) REFERENCES `flights` (`id`),
  ADD CONSTRAINT `flight_classes_ibfk_2` FOREIGN KEY (`flight_id`) REFERENCES `flights` (`id`) ON DELETE CASCADE;

--
-- 資料表的限制式 `flight_reserved_seats`
--
ALTER TABLE `flight_reserved_seats`
  ADD CONSTRAINT `fk_seat_booking` FOREIGN KEY (`booking_id`) REFERENCES `booking` (`id`) ON DELETE CASCADE,
  ADD CONSTRAINT `fk_seat_class` FOREIGN KEY (`class_id`) REFERENCES `flight_classes` (`id`) ON DELETE CASCADE,
  ADD CONSTRAINT `fk_seat_passenger` FOREIGN KEY (`passenger_id`) REFERENCES `passenger_info` (`id`) ON DELETE SET NULL,
  ADD CONSTRAINT `flight_reserved_seats_ibfk_1` FOREIGN KEY (`class_id`) REFERENCES `flight_classes` (`id`),
  ADD CONSTRAINT `flight_reserved_seats_ibfk_2` FOREIGN KEY (`booking_id`) REFERENCES `booking` (`id`);

--
-- 資料表的限制式 `passenger_info`
--
ALTER TABLE `passenger_info`
  ADD CONSTRAINT `fk_passenger_booking` FOREIGN KEY (`booking_id`) REFERENCES `booking` (`id`) ON DELETE CASCADE,
  ADD CONSTRAINT `passenger_info_ibfk_1` FOREIGN KEY (`booking_id`) REFERENCES `booking` (`id`),
  ADD CONSTRAINT `passenger_info_ibfk_2` FOREIGN KEY (`user_id`) REFERENCES `users` (`id`);

--
-- 資料表的限制式 `payments`
--
ALTER TABLE `payments`
  ADD CONSTRAINT `payments_ibfk_1` FOREIGN KEY (`booking_id`) REFERENCES `booking` (`id`);

--
-- 資料表的限制式 `saved_passengers`
--
ALTER TABLE `saved_passengers`
  ADD CONSTRAINT `saved_passengers_ibfk_1` FOREIGN KEY (`user_id`) REFERENCES `users` (`id`);
COMMIT;

/*!40101 SET CHARACTER_SET_CLIENT=@OLD_CHARACTER_SET_CLIENT */;
/*!40101 SET CHARACTER_SET_RESULTS=@OLD_CHARACTER_SET_RESULTS */;
/*!40101 SET COLLATION_CONNECTION=@OLD_COLLATION_CONNECTION */;
